year,week,is_blocking,closest_center_label,time
1970,1,0,,1970-01-01
1970,2,0,,1970-01-08
1970,3,0,,1970-01-15
1970,4,0,,1970-01-22
1970,5,0,,1970-01-29
1970,6,0,,1970-02-05
1970,7,0,,1970-02-12
1970,8,0,,1970-02-19
1970,9,0,,1970-02-26
1970,10,0,,1970-03-05
1970,11,0,,1970-03-12
1970,12,0,,1970-03-19
1970,13,0,,1970-03-26
1970,14,0,,1970-04-02
1970,15,0,,1970-04-09
1970,16,0,,1970-04-16
1970,17,0,,1970-04-23
1970,18,0,,1970-04-30
1970,19,0,,1970-05-07
1970,20,0,,1970-05-14
1970,21,0,,1970-05-21
1970,22,0,,1970-05-28
1970,23,0,,1970-06-04
1970,24,0,,1970-06-11
1970,25,0,,1970-06-18
1970,26,0,,1970-06-25
1970,27,0,,1970-07-02
1970,28,0,,1970-07-09
1970,29,0,,1970-07-16
1970,30,0,,1970-07-23
1970,31,0,,1970-07-30
1970,32,0,,1970-08-06
1970,33,0,,1970-08-13
1970,34,0,,1970-08-20
1970,35,1,N,1970-08-27
1970,36,0,,1970-09-03
1970,37,0,,1970-09-10
1970,38,1,W,1970-09-17
1970,39,0,,1970-09-24
1970,40,0,,1970-10-01
1970,41,1,N,1970-10-08
1970,42,1,N,1970-10-15
1970,43,1,N,1970-10-22
1970,44,0,,1970-10-29
1970,45,0,,1970-11-05
1970,46,0,,1970-11-12
1970,47,0,,1970-11-19
1970,48,0,,1970-11-26
1970,49,0,,1970-12-03
1970,50,0,,1970-12-10
1970,51,0,,1970-12-17
1970,52,0,,1970-12-24
1970,53,0,,1970-12-31
1971,1,0,,1971-01-01
1971,2,0,,1971-01-08
1971,3,0,,1971-01-15
1971,4,0,,1971-01-22
1971,5,0,,1971-01-29
1971,6,0,,1971-02-05
1971,7,0,,1971-02-12
1971,8,0,,1971-02-19
1971,9,0,,1971-02-26
1971,10,0,,1971-03-05
1971,11,0,,1971-03-12
1971,12,0,,1971-03-19
1971,13,0,,1971-03-26
1971,14,0,,1971-04-02
1971,15,0,,1971-04-09
1971,16,0,,1971-04-16
1971,17,0,,1971-04-23
1971,18,0,,1971-04-30
1971,19,0,,1971-05-07
1971,20,0,,1971-05-14
1971,21,0,,1971-05-21
1971,22,0,,1971-05-28
1971,23,0,,1971-06-04
1971,24,0,,1971-06-11
1971,25,0,,1971-06-18
1971,26,0,,1971-06-25
1971,27,0,,1971-07-02
1971,28,0,,1971-07-09
1971,29,0,,1971-07-16
1971,30,0,,1971-07-23
1971,31,1,N,1971-07-30
1971,32,1,S,1971-08-06
1971,33,1,E,1971-08-13
1971,34,0,,1971-08-20
1971,35,1,N,1971-08-27
1971,36,1,E,1971-09-03
1971,37,0,,1971-09-10
1971,38,0,,1971-09-17
1971,39,0,,1971-09-24
1971,40,1,N,1971-10-01
1971,41,0,,1971-10-08
1971,42,0,,1971-10-15
1971,43,1,N,1971-10-22
1971,44,0,,1971-10-29
1971,45,0,,1971-11-05
1971,46,0,,1971-11-12
1971,47,0,,1971-11-19
1971,48,0,,1971-11-26
1971,49,0,,1971-12-03
1971,50,0,,1971-12-10
1971,51,0,,1971-12-17
1971,52,0,,1971-12-24
1971,53,0,,1971-12-31
1972,1,0,,1972-01-01
1972,2,0,,1972-01-08
1972,3,0,,1972-01-15
1972,4,0,,1972-01-22
1972,5,0,,1972-01-29
1972,6,0,,1972-02-05
1972,7,0,,1972-02-12
1972,8,0,,1972-02-19
1972,9,0,,1972-02-26
1972,10,0,,1972-03-04
1972,11,0,,1972-03-11
1972,12,0,,1972-03-18
1972,13,0,,1972-03-25
1972,14,0,,1972-04-01
1972,15,0,,1972-04-08
1972,16,0,,1972-04-15
1972,17,0,,1972-04-22
1972,18,0,,1972-04-29
1972,19,0,,1972-05-06
1972,20,0,,1972-05-13
1972,21,0,,1972-05-20
1972,22,0,,1972-05-27
1972,23,0,,1972-06-03
1972,24,0,,1972-06-10
1972,25,0,,1972-06-17
1972,26,0,,1972-06-24
1972,27,0,,1972-07-01
1972,28,0,,1972-07-08
1972,29,0,,1972-07-15
1972,30,0,,1972-07-22
1972,31,1,W,1972-07-29
1972,32,1,W,1972-08-05
1972,33,1,W,1972-08-12
1972,34,1,N,1972-08-19
1972,35,1,N,1972-08-26
1972,36,1,N,1972-09-02
1972,37,1,E,1972-09-09
1972,38,1,E,1972-09-16
1972,39,1,E,1972-09-23
1972,40,1,N,1972-09-30
1972,41,1,N,1972-10-07
1972,42,1,E,1972-10-14
1972,43,0,,1972-10-21
1972,44,0,,1972-10-28
1972,45,0,,1972-11-04
1972,46,0,,1972-11-11
1972,47,0,,1972-11-18
1972,48,0,,1972-11-25
1972,49,0,,1972-12-02
1972,50,0,,1972-12-09
1972,51,0,,1972-12-16
1972,52,0,,1972-12-23
1973,1,0,,1973-01-01
1973,2,0,,1973-01-08
1973,3,0,,1973-01-15
1973,4,0,,1973-01-22
1973,5,0,,1973-01-29
1973,6,0,,1973-02-05
1973,7,0,,1973-02-12
1973,8,0,,1973-02-19
1973,9,0,,1973-02-26
1973,10,0,,1973-03-05
1973,11,0,,1973-03-12
1973,12,0,,1973-03-19
1973,13,0,,1973-03-26
1973,14,0,,1973-04-02
1973,15,0,,1973-04-09
1973,16,0,,1973-04-16
1973,17,0,,1973-04-23
1973,18,0,,1973-04-30
1973,19,0,,1973-05-07
1973,20,0,,1973-05-14
1973,21,0,,1973-05-21
1973,22,0,,1973-05-28
1973,23,0,,1973-06-04
1973,24,0,,1973-06-11
1973,25,0,,1973-06-18
1973,26,0,,1973-06-25
1973,27,0,,1973-07-02
1973,28,0,,1973-07-09
1973,29,0,,1973-07-16
1973,30,0,,1973-07-23
1973,31,0,,1973-07-30
1973,32,1,N,1973-08-06
1973,33,1,N,1973-08-13
1973,34,0,,1973-08-20
1973,35,0,,1973-08-27
1973,36,1,N,1973-09-03
1973,37,1,N,1973-09-10
1973,38,0,,1973-09-17
1973,39,1,W,1973-09-24
1973,40,1,N,1973-10-01
1973,41,1,E,1973-10-08
1973,42,0,,1973-10-15
1973,43,1,N,1973-10-22
1973,44,0,,1973-10-29
1973,45,0,,1973-11-05
1973,46,0,,1973-11-12
1973,47,0,,1973-11-19
1973,48,0,,1973-11-26
1973,49,0,,1973-12-03
1973,50,0,,1973-12-10
1973,51,0,,1973-12-17
1973,52,0,,1973-12-24
1974,1,0,,1974-01-01
1974,2,0,,1974-01-08
1974,3,0,,1974-01-15
1974,4,0,,1974-01-22
1974,5,0,,1974-01-29
1974,6,0,,1974-02-05
1974,7,0,,1974-02-12
1974,8,0,,1974-02-19
1974,9,0,,1974-02-26
1974,10,0,,1974-03-05
1974,11,0,,1974-03-12
1974,12,0,,1974-03-19
1974,13,0,,1974-03-26
1974,14,0,,1974-04-02
1974,15,0,,1974-04-09
1974,16,0,,1974-04-16
1974,17,0,,1974-04-23
1974,18,0,,1974-04-30
1974,19,0,,1974-05-07
1974,20,0,,1974-05-14
1974,21,0,,1974-05-21
1974,22,0,,1974-05-28
1974,23,0,,1974-06-04
1974,24,0,,1974-06-11
1974,25,0,,1974-06-18
1974,26,0,,1974-06-25
1974,27,0,,1974-07-02
1974,28,0,,1974-07-09
1974,29,0,,1974-07-16
1974,30,0,,1974-07-23
1974,31,0,,1974-07-30
1974,32,0,,1974-08-06
1974,33,1,N,1974-08-13
1974,34,1,N,1974-08-20
1974,35,1,W,1974-08-27
1974,36,1,N,1974-09-03
1974,37,1,N,1974-09-10
1974,38,1,N,1974-09-17
1974,39,1,E,1974-09-24
1974,40,1,E,1974-10-01
1974,41,0,,1974-10-08
1974,42,0,,1974-10-15
1974,43,0,,1974-10-22
1974,44,0,,1974-10-29
1974,45,0,,1974-11-05
1974,46,0,,1974-11-12
1974,47,0,,1974-11-19
1974,48,0,,1974-11-26
1974,49,0,,1974-12-03
1974,50,0,,1974-12-10
1974,51,0,,1974-12-17
1974,52,0,,1974-12-24
1975,1,0,,1975-01-01
1975,2,0,,1975-01-08
1975,3,0,,1975-01-15
1975,4,0,,1975-01-22
1975,5,0,,1975-01-29
1975,6,0,,1975-02-05
1975,7,0,,1975-02-12
1975,8,0,,1975-02-19
1975,9,0,,1975-02-26
1975,10,0,,1975-03-05
1975,11,0,,1975-03-12
1975,12,0,,1975-03-19
1975,13,0,,1975-03-26
1975,14,0,,1975-04-02
1975,15,0,,1975-04-09
1975,16,0,,1975-04-16
1975,17,0,,1975-04-23
1975,18,0,,1975-04-30
1975,19,0,,1975-05-07
1975,20,0,,1975-05-14
1975,21,0,,1975-05-21
1975,22,0,,1975-05-28
1975,23,0,,1975-06-04
1975,24,0,,1975-06-11
1975,25,0,,1975-06-18
1975,26,0,,1975-06-25
1975,27,0,,1975-07-02
1975,28,0,,1975-07-09
1975,29,0,,1975-07-16
1975,30,0,,1975-07-23
1975,31,1,N,1975-07-30
1975,32,1,N,1975-08-06
1975,33,0,,1975-08-13
1975,34,1,N,1975-08-20
1975,35,1,N,1975-08-27
1975,36,1,E,1975-09-03
1975,37,1,W,1975-09-10
1975,38,1,N,1975-09-17
1975,39,1,W,1975-09-24
1975,40,0,,1975-10-01
1975,41,0,,1975-10-08
1975,42,1,E,1975-10-15
1975,43,1,N,1975-10-22
1975,44,1,N,1975-10-29
1975,45,0,,1975-11-05
1975,46,0,,1975-11-12
1975,47,0,,1975-11-19
1975,48,0,,1975-11-26
1975,49,0,,1975-12-03
1975,50,0,,1975-12-10
1975,51,0,,1975-12-17
1975,52,0,,1975-12-24
1976,1,0,,1976-01-01
1976,2,0,,1976-01-08
1976,3,0,,1976-01-15
1976,4,0,,1976-01-22
1976,5,0,,1976-01-29
1976,6,0,,1976-02-05
1976,7,0,,1976-02-12
1976,8,0,,1976-02-19
1976,9,0,,1976-02-26
1976,10,0,,1976-03-04
1976,11,0,,1976-03-11
1976,12,0,,1976-03-18
1976,13,0,,1976-03-25
1976,14,0,,1976-04-01
1976,15,0,,1976-04-08
1976,16,0,,1976-04-15
1976,17,0,,1976-04-22
1976,18,0,,1976-04-29
1976,19,0,,1976-05-06
1976,20,0,,1976-05-13
1976,21,0,,1976-05-20
1976,22,0,,1976-05-27
1976,23,0,,1976-06-03
1976,24,0,,1976-06-10
1976,25,0,,1976-06-17
1976,26,0,,1976-06-24
1976,27,0,,1976-07-01
1976,28,0,,1976-07-08
1976,29,0,,1976-07-15
1976,30,0,,1976-07-22
1976,31,0,,1976-07-29
1976,32,1,S,1976-08-05
1976,33,1,E,1976-08-12
1976,34,1,E,1976-08-19
1976,35,1,E,1976-08-26
1976,36,1,N,1976-09-02
1976,37,1,E,1976-09-09
1976,38,1,W,1976-09-16
1976,39,0,,1976-09-23
1976,40,0,,1976-09-30
1976,41,0,,1976-10-07
1976,42,1,W,1976-10-14
1976,43,1,W,1976-10-21
1976,44,0,,1976-10-28
1976,45,0,,1976-11-04
1976,46,0,,1976-11-11
1976,47,0,,1976-11-18
1976,48,0,,1976-11-25
1976,49,0,,1976-12-02
1976,50,0,,1976-12-09
1976,51,0,,1976-12-16
1976,52,0,,1976-12-23
1976,53,0,,1976-12-30
1977,1,0,,1977-01-01
1977,2,0,,1977-01-08
1977,3,0,,1977-01-15
1977,4,0,,1977-01-22
1977,5,0,,1977-01-29
1977,6,0,,1977-02-05
1977,7,0,,1977-02-12
1977,8,0,,1977-02-19
1977,9,0,,1977-02-26
1977,10,0,,1977-03-05
1977,11,0,,1977-03-12
1977,12,0,,1977-03-19
1977,13,0,,1977-03-26
1977,14,0,,1977-04-02
1977,15,0,,1977-04-09
1977,16,0,,1977-04-16
1977,17,0,,1977-04-23
1977,18,0,,1977-04-30
1977,19,0,,1977-05-07
1977,20,0,,1977-05-14
1977,21,0,,1977-05-21
1977,22,0,,1977-05-28
1977,23,0,,1977-06-04
1977,24,0,,1977-06-11
1977,25,0,,1977-06-18
1977,26,0,,1977-06-25
1977,27,0,,1977-07-02
1977,28,0,,1977-07-09
1977,29,0,,1977-07-16
1977,30,0,,1977-07-23
1977,31,0,,1977-07-30
1977,32,0,,1977-08-06
1977,33,0,,1977-08-13
1977,34,1,W,1977-08-20
1977,35,1,W,1977-08-27
1977,36,1,W,1977-09-03
1977,37,1,E,1977-09-10
1977,38,1,E,1977-09-17
1977,39,0,,1977-09-24
1977,40,1,N,1977-10-01
1977,41,1,N,1977-10-08
1977,42,1,N,1977-10-15
1977,43,0,,1977-10-22
1977,44,0,,1977-10-29
1977,45,0,,1977-11-05
1977,46,0,,1977-11-12
1977,47,0,,1977-11-19
1977,48,0,,1977-11-26
1977,49,0,,1977-12-03
1977,50,0,,1977-12-10
1977,51,0,,1977-12-17
1977,52,0,,1977-12-24
1977,53,0,,1977-12-31
1978,1,0,,1978-01-01
1978,2,0,,1978-01-08
1978,3,0,,1978-01-15
1978,4,0,,1978-01-22
1978,5,0,,1978-01-29
1978,6,0,,1978-02-05
1978,7,0,,1978-02-12
1978,8,0,,1978-02-19
1978,9,0,,1978-02-26
1978,10,0,,1978-03-05
1978,11,0,,1978-03-12
1978,12,0,,1978-03-19
1978,13,0,,1978-03-26
1978,14,0,,1978-04-02
1978,15,0,,1978-04-09
1978,16,0,,1978-04-16
1978,17,0,,1978-04-23
1978,18,0,,1978-04-30
1978,19,0,,1978-05-07
1978,20,0,,1978-05-14
1978,21,0,,1978-05-21
1978,22,0,,1978-05-28
1978,23,0,,1978-06-04
1978,24,0,,1978-06-11
1978,25,0,,1978-06-18
1978,26,0,,1978-06-25
1978,27,0,,1978-07-02
1978,28,0,,1978-07-09
1978,29,0,,1978-07-16
1978,30,0,,1978-07-23
1978,31,0,,1978-07-30
1978,32,0,,1978-08-06
1978,33,1,N,1978-08-13
1978,34,1,E,1978-08-20
1978,35,1,E,1978-08-27
1978,36,0,,1978-09-03
1978,37,1,E,1978-09-10
1978,38,1,N,1978-09-17
1978,39,1,E,1978-09-24
1978,40,1,N,1978-10-01
1978,41,1,N,1978-10-08
1978,42,1,N,1978-10-15
1978,43,0,,1978-10-22
1978,44,0,,1978-10-29
1978,45,0,,1978-11-05
1978,46,0,,1978-11-12
1978,47,0,,1978-11-19
1978,48,0,,1978-11-26
1978,49,0,,1978-12-03
1978,50,0,,1978-12-10
1978,51,0,,1978-12-17
1978,52,0,,1978-12-24
1979,1,0,,1979-01-01
1979,2,0,,1979-01-08
1979,3,0,,1979-01-15
1979,4,0,,1979-01-22
1979,5,0,,1979-01-29
1979,6,0,,1979-02-05
1979,7,0,,1979-02-12
1979,8,0,,1979-02-19
1979,9,0,,1979-02-26
1979,10,0,,1979-03-05
1979,11,0,,1979-03-12
1979,12,0,,1979-03-19
1979,13,0,,1979-03-26
1979,14,0,,1979-04-02
1979,15,0,,1979-04-09
1979,16,0,,1979-04-16
1979,17,0,,1979-04-23
1979,18,0,,1979-04-30
1979,19,0,,1979-05-07
1979,20,0,,1979-05-14
1979,21,0,,1979-05-21
1979,22,0,,1979-05-28
1979,23,0,,1979-06-04
1979,24,0,,1979-06-11
1979,25,0,,1979-06-18
1979,26,0,,1979-06-25
1979,27,0,,1979-07-02
1979,28,0,,1979-07-09
1979,29,0,,1979-07-16
1979,30,0,,1979-07-23
1979,31,0,,1979-07-30
1979,32,0,,1979-08-06
1979,33,0,,1979-08-13
1979,34,0,,1979-08-20
1979,35,1,N,1979-08-27
1979,36,1,N,1979-09-03
1979,37,0,,1979-09-10
1979,38,1,E,1979-09-17
1979,39,1,E,1979-09-24
1979,40,1,W,1979-10-01
1979,41,1,N,1979-10-08
1979,42,1,N,1979-10-15
1979,43,0,,1979-10-22
1979,44,0,,1979-10-29
1979,45,0,,1979-11-05
1979,46,0,,1979-11-12
1979,47,0,,1979-11-19
1979,48,0,,1979-11-26
1979,49,0,,1979-12-03
1979,50,0,,1979-12-10
1979,51,0,,1979-12-17
1979,52,0,,1979-12-24
1980,1,0,,1980-01-01
1980,2,0,,1980-01-08
1980,3,0,,1980-01-15
1980,4,0,,1980-01-22
1980,5,0,,1980-01-29
1980,6,0,,1980-02-05
1980,7,0,,1980-02-12
1980,8,0,,1980-02-19
1980,9,0,,1980-02-26
1980,10,0,,1980-03-04
1980,11,0,,1980-03-11
1980,12,0,,1980-03-18
1980,13,0,,1980-03-25
1980,14,0,,1980-04-01
1980,15,0,,1980-04-08
1980,16,0,,1980-04-15
1980,17,0,,1980-04-22
1980,18,0,,1980-04-29
1980,19,0,,1980-05-06
1980,20,0,,1980-05-13
1980,21,0,,1980-05-20
1980,22,0,,1980-05-27
1980,23,0,,1980-06-03
1980,24,0,,1980-06-10
1980,25,0,,1980-06-17
1980,26,0,,1980-06-24
1980,27,0,,1980-07-01
1980,28,0,,1980-07-08
1980,29,0,,1980-07-15
1980,30,0,,1980-07-22
1980,31,0,,1980-07-29
1980,32,0,,1980-08-05
1980,33,0,,1980-08-12
1980,34,1,S,1980-08-19
1980,35,0,,1980-08-26
1980,36,1,N,1980-09-02
1980,37,1,S,1980-09-09
1980,38,0,,1980-09-16
1980,39,0,,1980-09-23
1980,40,0,,1980-09-30
1980,41,1,W,1980-10-07
1980,42,1,W,1980-10-14
1980,43,1,N,1980-10-21
1980,44,0,,1980-10-28
1980,45,0,,1980-11-04
1980,46,0,,1980-11-11
1980,47,0,,1980-11-18
1980,48,0,,1980-11-25
1980,49,0,,1980-12-02
1980,50,0,,1980-12-09
1980,51,0,,1980-12-16
1980,52,0,,1980-12-23
1981,1,0,,1981-01-01
1981,2,0,,1981-01-08
1981,3,0,,1981-01-15
1981,4,0,,1981-01-22
1981,5,0,,1981-01-29
1981,6,0,,1981-02-05
1981,7,0,,1981-02-12
1981,8,0,,1981-02-19
1981,9,0,,1981-02-26
1981,10,0,,1981-03-05
1981,11,0,,1981-03-12
1981,12,0,,1981-03-19
1981,13,0,,1981-03-26
1981,14,0,,1981-04-02
1981,15,0,,1981-04-09
1981,16,0,,1981-04-16
1981,17,0,,1981-04-23
1981,18,0,,1981-04-30
1981,19,0,,1981-05-07
1981,20,0,,1981-05-14
1981,21,0,,1981-05-21
1981,22,0,,1981-05-28
1981,23,0,,1981-06-04
1981,24,0,,1981-06-11
1981,25,0,,1981-06-18
1981,26,0,,1981-06-25
1981,27,0,,1981-07-02
1981,28,0,,1981-07-09
1981,29,0,,1981-07-16
1981,30,0,,1981-07-23
1981,31,0,,1981-07-30
1981,32,0,,1981-08-06
1981,33,0,,1981-08-13
1981,34,0,,1981-08-20
1981,35,1,S,1981-08-27
1981,36,1,E,1981-09-03
1981,37,1,N,1981-09-10
1981,38,0,,1981-09-17
1981,39,1,W,1981-09-24
1981,40,1,W,1981-10-01
1981,41,0,,1981-10-08
1981,42,0,,1981-10-15
1981,43,0,,1981-10-22
1981,44,0,,1981-10-29
1981,45,0,,1981-11-05
1981,46,0,,1981-11-12
1981,47,0,,1981-11-19
1981,48,0,,1981-11-26
1981,49,0,,1981-12-03
1981,50,0,,1981-12-10
1981,51,0,,1981-12-17
1981,52,0,,1981-12-24
1981,53,0,,1981-12-31
1982,1,0,,1982-01-01
1982,2,0,,1982-01-08
1982,3,0,,1982-01-15
1982,4,0,,1982-01-22
1982,5,0,,1982-01-29
1982,6,0,,1982-02-05
1982,7,0,,1982-02-12
1982,8,0,,1982-02-19
1982,9,0,,1982-02-26
1982,10,0,,1982-03-05
1982,11,0,,1982-03-12
1982,12,0,,1982-03-19
1982,13,0,,1982-03-26
1982,14,0,,1982-04-02
1982,15,0,,1982-04-09
1982,16,0,,1982-04-16
1982,17,0,,1982-04-23
1982,18,0,,1982-04-30
1982,19,0,,1982-05-07
1982,20,0,,1982-05-14
1982,21,0,,1982-05-21
1982,22,0,,1982-05-28
1982,23,0,,1982-06-04
1982,24,0,,1982-06-11
1982,25,0,,1982-06-18
1982,26,0,,1982-06-25
1982,27,0,,1982-07-02
1982,28,0,,1982-07-09
1982,29,0,,1982-07-16
1982,30,1,N,1982-07-23
1982,31,1,W,1982-07-30
1982,32,0,,1982-08-06
1982,33,0,,1982-08-13
1982,34,0,,1982-08-20
1982,35,1,N,1982-08-27
1982,36,1,N,1982-09-03
1982,37,1,N,1982-09-10
1982,38,1,N,1982-09-17
1982,39,1,N,1982-09-24
1982,40,1,W,1982-10-01
1982,41,0,,1982-10-08
1982,42,0,,1982-10-15
1982,43,0,,1982-10-22
1982,44,0,,1982-10-29
1982,45,0,,1982-11-05
1982,46,0,,1982-11-12
1982,47,0,,1982-11-19
1982,48,0,,1982-11-26
1982,49,0,,1982-12-03
1982,50,0,,1982-12-10
1982,51,0,,1982-12-17
1982,52,0,,1982-12-24
1982,53,0,,1982-12-31
1983,1,0,,1983-01-01
1983,2,0,,1983-01-08
1983,3,0,,1983-01-15
1983,4,0,,1983-01-22
1983,5,0,,1983-01-29
1983,6,0,,1983-02-05
1983,7,0,,1983-02-12
1983,8,0,,1983-02-19
1983,9,0,,1983-02-26
1983,10,0,,1983-03-05
1983,11,0,,1983-03-12
1983,12,0,,1983-03-19
1983,13,0,,1983-03-26
1983,14,0,,1983-04-02
1983,15,0,,1983-04-09
1983,16,0,,1983-04-16
1983,17,0,,1983-04-23
1983,18,0,,1983-04-30
1983,19,0,,1983-05-07
1983,20,0,,1983-05-14
1983,21,0,,1983-05-21
1983,22,0,,1983-05-28
1983,23,0,,1983-06-04
1983,24,0,,1983-06-11
1983,25,0,,1983-06-18
1983,26,0,,1983-06-25
1983,27,0,,1983-07-02
1983,28,0,,1983-07-09
1983,29,0,,1983-07-16
1983,30,0,,1983-07-23
1983,31,1,E,1983-07-30
1983,32,1,N,1983-08-06
1983,33,1,N,1983-08-13
1983,34,1,N,1983-08-20
1983,35,1,N,1983-08-27
1983,36,0,,1983-09-03
1983,37,0,,1983-09-10
1983,38,1,E,1983-09-17
1983,39,1,N,1983-09-24
1983,40,0,,1983-10-01
1983,41,0,,1983-10-08
1983,42,1,E,1983-10-15
1983,43,1,N,1983-10-22
1983,44,0,,1983-10-29
1983,45,0,,1983-11-05
1983,46,0,,1983-11-12
1983,47,0,,1983-11-19
1983,48,0,,1983-11-26
1983,49,0,,1983-12-03
1983,50,0,,1983-12-10
1983,51,0,,1983-12-17
1983,52,0,,1983-12-24
1984,1,0,,1984-01-01
1984,2,0,,1984-01-08
1984,3,0,,1984-01-15
1984,4,0,,1984-01-22
1984,5,0,,1984-01-29
1984,6,0,,1984-02-05
1984,7,0,,1984-02-12
1984,8,0,,1984-02-19
1984,9,0,,1984-02-26
1984,10,0,,1984-03-04
1984,11,0,,1984-03-11
1984,12,0,,1984-03-18
1984,13,0,,1984-03-25
1984,14,0,,1984-04-01
1984,15,0,,1984-04-08
1984,16,0,,1984-04-15
1984,17,0,,1984-04-22
1984,18,0,,1984-04-29
1984,19,0,,1984-05-06
1984,20,0,,1984-05-13
1984,21,0,,1984-05-20
1984,22,0,,1984-05-27
1984,23,0,,1984-06-03
1984,24,0,,1984-06-10
1984,25,0,,1984-06-17
1984,26,0,,1984-06-24
1984,27,0,,1984-07-01
1984,28,0,,1984-07-08
1984,29,0,,1984-07-15
1984,30,0,,1984-07-22
1984,31,0,,1984-07-29
1984,32,0,,1984-08-05
1984,33,1,N,1984-08-12
1984,34,1,N,1984-08-19
1984,35,0,,1984-08-26
1984,36,0,,1984-09-02
1984,37,0,,1984-09-09
1984,38,0,,1984-09-16
1984,39,0,,1984-09-23
1984,40,0,,1984-09-30
1984,41,1,N,1984-10-07
1984,42,1,N,1984-10-14
1984,43,0,,1984-10-21
1984,44,0,,1984-10-28
1984,45,0,,1984-11-04
1984,46,0,,1984-11-11
1984,47,0,,1984-11-18
1984,48,0,,1984-11-25
1984,49,0,,1984-12-02
1984,50,0,,1984-12-09
1984,51,0,,1984-12-16
1984,52,0,,1984-12-23
1985,1,0,,1985-01-01
1985,2,0,,1985-01-08
1985,3,0,,1985-01-15
1985,4,0,,1985-01-22
1985,5,0,,1985-01-29
1985,6,0,,1985-02-05
1985,7,0,,1985-02-12
1985,8,0,,1985-02-19
1985,9,0,,1985-02-26
1985,10,0,,1985-03-05
1985,11,0,,1985-03-12
1985,12,0,,1985-03-19
1985,13,0,,1985-03-26
1985,14,0,,1985-04-02
1985,15,0,,1985-04-09
1985,16,0,,1985-04-16
1985,17,0,,1985-04-23
1985,18,0,,1985-04-30
1985,19,0,,1985-05-07
1985,20,0,,1985-05-14
1985,21,0,,1985-05-21
1985,22,0,,1985-05-28
1985,23,0,,1985-06-04
1985,24,0,,1985-06-11
1985,25,0,,1985-06-18
1985,26,0,,1985-06-25
1985,27,0,,1985-07-02
1985,28,0,,1985-07-09
1985,29,0,,1985-07-16
1985,30,0,,1985-07-23
1985,31,0,,1985-07-30
1985,32,1,W,1985-08-06
1985,33,1,N,1985-08-13
1985,34,1,W,1985-08-20
1985,35,1,W,1985-08-27
1985,36,1,W,1985-09-03
1985,37,0,,1985-09-10
1985,38,0,,1985-09-17
1985,39,0,,1985-09-24
1985,40,1,W,1985-10-01
1985,41,1,W,1985-10-08
1985,42,1,E,1985-10-15
1985,43,1,E,1985-10-22
1985,44,1,E,1985-10-29
1985,45,0,,1985-11-05
1985,46,0,,1985-11-12
1985,47,0,,1985-11-19
1985,48,0,,1985-11-26
1985,49,0,,1985-12-03
1985,50,0,,1985-12-10
1985,51,0,,1985-12-17
1985,52,0,,1985-12-24
1986,1,0,,1986-01-01
1986,2,0,,1986-01-08
1986,3,0,,1986-01-15
1986,4,0,,1986-01-22
1986,5,0,,1986-01-29
1986,6,0,,1986-02-05
1986,7,0,,1986-02-12
1986,8,0,,1986-02-19
1986,9,0,,1986-02-26
1986,10,0,,1986-03-05
1986,11,0,,1986-03-12
1986,12,0,,1986-03-19
1986,13,0,,1986-03-26
1986,14,0,,1986-04-02
1986,15,0,,1986-04-09
1986,16,0,,1986-04-16
1986,17,0,,1986-04-23
1986,18,0,,1986-04-30
1986,19,0,,1986-05-07
1986,20,0,,1986-05-14
1986,21,0,,1986-05-21
1986,22,0,,1986-05-28
1986,23,0,,1986-06-04
1986,24,0,,1986-06-11
1986,25,0,,1986-06-18
1986,26,0,,1986-06-25
1986,27,0,,1986-07-02
1986,28,0,,1986-07-09
1986,29,0,,1986-07-16
1986,30,0,,1986-07-23
1986,31,1,N,1986-07-30
1986,32,1,N,1986-08-06
1986,33,0,,1986-08-13
1986,34,0,,1986-08-20
1986,35,0,,1986-08-27
1986,36,0,,1986-09-03
1986,37,0,,1986-09-10
1986,38,1,S,1986-09-17
1986,39,1,S,1986-09-24
1986,40,1,N,1986-10-01
1986,41,0,,1986-10-08
1986,42,1,S,1986-10-15
1986,43,0,,1986-10-22
1986,44,0,,1986-10-29
1986,45,0,,1986-11-05
1986,46,0,,1986-11-12
1986,47,0,,1986-11-19
1986,48,0,,1986-11-26
1986,49,0,,1986-12-03
1986,50,0,,1986-12-10
1986,51,0,,1986-12-17
1986,52,0,,1986-12-24
1987,1,0,,1987-01-01
1987,2,0,,1987-01-08
1987,3,0,,1987-01-15
1987,4,0,,1987-01-22
1987,5,0,,1987-01-29
1987,6,0,,1987-02-05
1987,7,0,,1987-02-12
1987,8,0,,1987-02-19
1987,9,0,,1987-02-26
1987,10,0,,1987-03-05
1987,11,0,,1987-03-12
1987,12,0,,1987-03-19
1987,13,0,,1987-03-26
1987,14,0,,1987-04-02
1987,15,0,,1987-04-09
1987,16,0,,1987-04-16
1987,17,0,,1987-04-23
1987,18,0,,1987-04-30
1987,19,0,,1987-05-07
1987,20,0,,1987-05-14
1987,21,0,,1987-05-21
1987,22,0,,1987-05-28
1987,23,0,,1987-06-04
1987,24,0,,1987-06-11
1987,25,0,,1987-06-18
1987,26,0,,1987-06-25
1987,27,0,,1987-07-02
1987,28,0,,1987-07-09
1987,29,0,,1987-07-16
1987,30,0,,1987-07-23
1987,31,0,,1987-07-30
1987,32,0,,1987-08-06
1987,33,0,,1987-08-13
1987,34,1,N,1987-08-20
1987,35,1,W,1987-08-27
1987,36,0,,1987-09-03
1987,37,0,,1987-09-10
1987,38,0,,1987-09-17
1987,39,0,,1987-09-24
1987,40,1,W,1987-10-01
1987,41,1,N,1987-10-08
1987,42,1,W,1987-10-15
1987,43,1,W,1987-10-22
1987,44,1,W,1987-10-29
1987,45,0,,1987-11-05
1987,46,0,,1987-11-12
1987,47,0,,1987-11-19
1987,48,0,,1987-11-26
1987,49,0,,1987-12-03
1987,50,0,,1987-12-10
1987,51,0,,1987-12-17
1987,52,0,,1987-12-24
1987,53,0,,1987-12-31
1988,1,0,,1988-01-01
1988,2,0,,1988-01-08
1988,3,0,,1988-01-15
1988,4,0,,1988-01-22
1988,5,0,,1988-01-29
1988,6,0,,1988-02-05
1988,7,0,,1988-02-12
1988,8,0,,1988-02-19
1988,9,0,,1988-02-26
1988,10,0,,1988-03-04
1988,11,0,,1988-03-11
1988,12,0,,1988-03-18
1988,13,0,,1988-03-25
1988,14,0,,1988-04-01
1988,15,0,,1988-04-08
1988,16,0,,1988-04-15
1988,17,0,,1988-04-22
1988,18,0,,1988-04-29
1988,19,0,,1988-05-06
1988,20,0,,1988-05-13
1988,21,0,,1988-05-20
1988,22,0,,1988-05-27
1988,23,0,,1988-06-03
1988,24,0,,1988-06-10
1988,25,0,,1988-06-17
1988,26,0,,1988-06-24
1988,27,0,,1988-07-01
1988,28,0,,1988-07-08
1988,29,0,,1988-07-15
1988,30,0,,1988-07-22
1988,31,0,,1988-07-29
1988,32,0,,1988-08-05
1988,33,0,,1988-08-12
1988,34,1,W,1988-08-19
1988,35,1,W,1988-08-26
1988,36,0,,1988-09-02
1988,37,0,,1988-09-09
1988,38,0,,1988-09-16
1988,39,0,,1988-09-23
1988,40,0,,1988-09-30
1988,41,0,,1988-10-07
1988,42,0,,1988-10-14
1988,43,0,,1988-10-21
1988,44,0,,1988-10-28
1988,45,0,,1988-11-04
1988,46,0,,1988-11-11
1988,47,0,,1988-11-18
1988,48,0,,1988-11-25
1988,49,0,,1988-12-02
1988,50,0,,1988-12-09
1988,51,0,,1988-12-16
1988,52,0,,1988-12-23
1988,53,0,,1988-12-30
1989,1,0,,1989-01-01
1989,2,0,,1989-01-08
1989,3,0,,1989-01-15
1989,4,0,,1989-01-22
1989,5,0,,1989-01-29
1989,6,0,,1989-02-05
1989,7,0,,1989-02-12
1989,8,0,,1989-02-19
1989,9,0,,1989-02-26
1989,10,0,,1989-03-05
1989,11,0,,1989-03-12
1989,12,0,,1989-03-19
1989,13,0,,1989-03-26
1989,14,0,,1989-04-02
1989,15,0,,1989-04-09
1989,16,0,,1989-04-16
1989,17,0,,1989-04-23
1989,18,0,,1989-04-30
1989,19,0,,1989-05-07
1989,20,0,,1989-05-14
1989,21,0,,1989-05-21
1989,22,0,,1989-05-28
1989,23,0,,1989-06-04
1989,24,0,,1989-06-11
1989,25,0,,1989-06-18
1989,26,0,,1989-06-25
1989,27,0,,1989-07-02
1989,28,0,,1989-07-09
1989,29,0,,1989-07-16
1989,30,0,,1989-07-23
1989,31,0,,1989-07-30
1989,32,0,,1989-08-06
1989,33,1,W,1989-08-13
1989,34,0,,1989-08-20
1989,35,1,E,1989-08-27
1989,36,1,N,1989-09-03
1989,37,1,S,1989-09-10
1989,38,1,E,1989-09-17
1989,39,1,E,1989-09-24
1989,40,1,E,1989-10-01
1989,41,0,,1989-10-08
1989,42,0,,1989-10-15
1989,43,0,,1989-10-22
1989,44,0,,1989-10-29
1989,45,0,,1989-11-05
1989,46,0,,1989-11-12
1989,47,0,,1989-11-19
1989,48,0,,1989-11-26
1989,49,0,,1989-12-03
1989,50,0,,1989-12-10
1989,51,0,,1989-12-17
1989,52,0,,1989-12-24
1990,1,0,,1990-01-01
1990,2,0,,1990-01-08
1990,3,0,,1990-01-15
1990,4,0,,1990-01-22
1990,5,0,,1990-01-29
1990,6,0,,1990-02-05
1990,7,0,,1990-02-12
1990,8,0,,1990-02-19
1990,9,0,,1990-02-26
1990,10,0,,1990-03-05
1990,11,0,,1990-03-12
1990,12,0,,1990-03-19
1990,13,0,,1990-03-26
1990,14,0,,1990-04-02
1990,15,0,,1990-04-09
1990,16,0,,1990-04-16
1990,17,0,,1990-04-23
1990,18,0,,1990-04-30
1990,19,0,,1990-05-07
1990,20,0,,1990-05-14
1990,21,0,,1990-05-21
1990,22,0,,1990-05-28
1990,23,0,,1990-06-04
1990,24,0,,1990-06-11
1990,25,0,,1990-06-18
1990,26,0,,1990-06-25
1990,27,0,,1990-07-02
1990,28,0,,1990-07-09
1990,29,0,,1990-07-16
1990,30,0,,1990-07-23
1990,31,1,W,1990-07-30
1990,32,1,N,1990-08-06
1990,33,0,,1990-08-13
1990,34,0,,1990-08-20
1990,35,0,,1990-08-27
1990,36,0,,1990-09-03
1990,37,0,,1990-09-10
1990,38,0,,1990-09-17
1990,39,0,,1990-09-24
1990,40,0,,1990-10-01
1990,41,0,,1990-10-08
1990,42,1,E,1990-10-15
1990,43,1,N,1990-10-22
1990,44,0,,1990-10-29
1990,45,0,,1990-11-05
1990,46,0,,1990-11-12
1990,47,0,,1990-11-19
1990,48,0,,1990-11-26
1990,49,0,,1990-12-03
1990,50,0,,1990-12-10
1990,51,0,,1990-12-17
1990,52,0,,1990-12-24
1991,1,0,,1991-01-01
1991,2,0,,1991-01-08
1991,3,0,,1991-01-15
1991,4,0,,1991-01-22
1991,5,0,,1991-01-29
1991,6,0,,1991-02-05
1991,7,0,,1991-02-12
1991,8,0,,1991-02-19
1991,9,0,,1991-02-26
1991,10,0,,1991-03-05
1991,11,0,,1991-03-12
1991,12,0,,1991-03-19
1991,13,0,,1991-03-26
1991,14,0,,1991-04-02
1991,15,0,,1991-04-09
1991,16,0,,1991-04-16
1991,17,0,,1991-04-23
1991,18,0,,1991-04-30
1991,19,0,,1991-05-07
1991,20,0,,1991-05-14
1991,21,0,,1991-05-21
1991,22,0,,1991-05-28
1991,23,0,,1991-06-04
1991,24,0,,1991-06-11
1991,25,0,,1991-06-18
1991,26,0,,1991-06-25
1991,27,0,,1991-07-02
1991,28,0,,1991-07-09
1991,29,0,,1991-07-16
1991,30,0,,1991-07-23
1991,31,1,S,1991-07-30
1991,32,1,W,1991-08-06
1991,33,0,,1991-08-13
1991,34,1,E,1991-08-20
1991,35,1,N,1991-08-27
1991,36,1,E,1991-09-03
1991,37,1,E,1991-09-10
1991,38,0,,1991-09-17
1991,39,0,,1991-09-24
1991,40,1,N,1991-10-01
1991,41,1,W,1991-10-08
1991,42,1,E,1991-10-15
1991,43,1,E,1991-10-22
1991,44,0,,1991-10-29
1991,45,0,,1991-11-05
1991,46,0,,1991-11-12
1991,47,0,,1991-11-19
1991,48,0,,1991-11-26
1991,49,0,,1991-12-03
1991,50,0,,1991-12-10
1991,51,0,,1991-12-17
1991,52,0,,1991-12-24
1992,1,0,,1992-01-01
1992,2,0,,1992-01-08
1992,3,0,,1992-01-15
1992,4,0,,1992-01-22
1992,5,0,,1992-01-29
1992,6,0,,1992-02-05
1992,7,0,,1992-02-12
1992,8,0,,1992-02-19
1992,9,0,,1992-02-26
1992,10,0,,1992-03-04
1992,11,0,,1992-03-11
1992,12,0,,1992-03-18
1992,13,0,,1992-03-25
1992,14,0,,1992-04-01
1992,15,0,,1992-04-08
1992,16,0,,1992-04-15
1992,17,0,,1992-04-22
1992,18,0,,1992-04-29
1992,19,0,,1992-05-06
1992,20,0,,1992-05-13
1992,21,0,,1992-05-20
1992,22,0,,1992-05-27
1992,23,0,,1992-06-03
1992,24,0,,1992-06-10
1992,25,0,,1992-06-17
1992,26,0,,1992-06-24
1992,27,0,,1992-07-01
1992,28,0,,1992-07-08
1992,29,0,,1992-07-15
1992,30,0,,1992-07-22
1992,31,0,,1992-07-29
1992,32,1,N,1992-08-05
1992,33,0,,1992-08-12
1992,34,0,,1992-08-19
1992,35,0,,1992-08-26
1992,36,0,,1992-09-02
1992,37,0,,1992-09-09
1992,38,0,,1992-09-16
1992,39,0,,1992-09-23
1992,40,1,E,1992-09-30
1992,41,1,E,1992-10-07
1992,42,1,S,1992-10-14
1992,43,0,,1992-10-21
1992,44,0,,1992-10-28
1992,45,0,,1992-11-04
1992,46,0,,1992-11-11
1992,47,0,,1992-11-18
1992,48,0,,1992-11-25
1992,49,0,,1992-12-02
1992,50,0,,1992-12-09
1992,51,0,,1992-12-16
1992,52,0,,1992-12-23
1992,53,0,,1992-12-30
1993,1,0,,1993-01-01
1993,2,0,,1993-01-08
1993,3,0,,1993-01-15
1993,4,0,,1993-01-22
1993,5,0,,1993-01-29
1993,6,0,,1993-02-05
1993,7,0,,1993-02-12
1993,8,0,,1993-02-19
1993,9,0,,1993-02-26
1993,10,0,,1993-03-05
1993,11,0,,1993-03-12
1993,12,0,,1993-03-19
1993,13,0,,1993-03-26
1993,14,0,,1993-04-02
1993,15,0,,1993-04-09
1993,16,0,,1993-04-16
1993,17,0,,1993-04-23
1993,18,0,,1993-04-30
1993,19,0,,1993-05-07
1993,20,0,,1993-05-14
1993,21,0,,1993-05-21
1993,22,0,,1993-05-28
1993,23,0,,1993-06-04
1993,24,0,,1993-06-11
1993,25,0,,1993-06-18
1993,26,0,,1993-06-25
1993,27,0,,1993-07-02
1993,28,0,,1993-07-09
1993,29,0,,1993-07-16
1993,30,1,S,1993-07-23
1993,31,1,E,1993-07-30
1993,32,0,,1993-08-06
1993,33,0,,1993-08-13
1993,34,1,E,1993-08-20
1993,35,1,E,1993-08-27
1993,36,0,,1993-09-03
1993,37,0,,1993-09-10
1993,38,0,,1993-09-17
1993,39,1,W,1993-09-24
1993,40,1,W,1993-10-01
1993,41,0,,1993-10-08
1993,42,1,E,1993-10-15
1993,43,1,N,1993-10-22
1993,44,0,,1993-10-29
1993,45,0,,1993-11-05
1993,46,0,,1993-11-12
1993,47,0,,1993-11-19
1993,48,0,,1993-11-26
1993,49,0,,1993-12-03
1993,50,0,,1993-12-10
1993,51,0,,1993-12-17
1993,52,0,,1993-12-24
1993,53,0,,1993-12-31
1994,1,0,,1994-01-01
1994,2,0,,1994-01-08
1994,3,0,,1994-01-15
1994,4,0,,1994-01-22
1994,5,0,,1994-01-29
1994,6,0,,1994-02-05
1994,7,0,,1994-02-12
1994,8,0,,1994-02-19
1994,9,0,,1994-02-26
1994,10,0,,1994-03-05
1994,11,0,,1994-03-12
1994,12,0,,1994-03-19
1994,13,0,,1994-03-26
1994,14,0,,1994-04-02
1994,15,0,,1994-04-09
1994,16,0,,1994-04-16
1994,17,0,,1994-04-23
1994,18,0,,1994-04-30
1994,19,0,,1994-05-07
1994,20,0,,1994-05-14
1994,21,0,,1994-05-21
1994,22,0,,1994-05-28
1994,23,0,,1994-06-04
1994,24,0,,1994-06-11
1994,25,0,,1994-06-18
1994,26,0,,1994-06-25
1994,27,0,,1994-07-02
1994,28,0,,1994-07-09
1994,29,0,,1994-07-16
1994,30,0,,1994-07-23
1994,31,1,N,1994-07-30
1994,32,1,E,1994-08-06
1994,33,1,E,1994-08-13
1994,34,0,,1994-08-20
1994,35,0,,1994-08-27
1994,36,0,,1994-09-03
1994,37,0,,1994-09-10
1994,38,0,,1994-09-17
1994,39,0,,1994-09-24
1994,40,1,N,1994-10-01
1994,41,1,N,1994-10-08
1994,42,0,,1994-10-15
1994,43,0,,1994-10-22
1994,44,0,,1994-10-29
1994,45,0,,1994-11-05
1994,46,0,,1994-11-12
1994,47,0,,1994-11-19
1994,48,0,,1994-11-26
1994,49,0,,1994-12-03
1994,50,0,,1994-12-10
1994,51,0,,1994-12-17
1994,52,0,,1994-12-24
1995,1,0,,1995-01-01
1995,2,0,,1995-01-08
1995,3,0,,1995-01-15
1995,4,0,,1995-01-22
1995,5,0,,1995-01-29
1995,6,0,,1995-02-05
1995,7,0,,1995-02-12
1995,8,0,,1995-02-19
1995,9,0,,1995-02-26
1995,10,0,,1995-03-05
1995,11,0,,1995-03-12
1995,12,0,,1995-03-19
1995,13,0,,1995-03-26
1995,14,0,,1995-04-02
1995,15,0,,1995-04-09
1995,16,0,,1995-04-16
1995,17,0,,1995-04-23
1995,18,0,,1995-04-30
1995,19,0,,1995-05-07
1995,20,0,,1995-05-14
1995,21,0,,1995-05-21
1995,22,0,,1995-05-28
1995,23,0,,1995-06-04
1995,24,0,,1995-06-11
1995,25,0,,1995-06-18
1995,26,0,,1995-06-25
1995,27,0,,1995-07-02
1995,28,0,,1995-07-09
1995,29,0,,1995-07-16
1995,30,0,,1995-07-23
1995,31,1,E,1995-07-30
1995,32,1,N,1995-08-06
1995,33,1,S,1995-08-13
1995,34,1,N,1995-08-20
1995,35,1,W,1995-08-27
1995,36,1,W,1995-09-03
1995,37,1,W,1995-09-10
1995,38,0,,1995-09-17
1995,39,1,N,1995-09-24
1995,40,1,W,1995-10-01
1995,41,1,N,1995-10-08
1995,42,1,N,1995-10-15
1995,43,1,N,1995-10-22
1995,44,0,,1995-10-29
1995,45,0,,1995-11-05
1995,46,0,,1995-11-12
1995,47,0,,1995-11-19
1995,48,0,,1995-11-26
1995,49,0,,1995-12-03
1995,50,0,,1995-12-10
1995,51,0,,1995-12-17
1995,52,0,,1995-12-24
1996,1,0,,1996-01-01
1996,2,0,,1996-01-08
1996,3,0,,1996-01-15
1996,4,0,,1996-01-22
1996,5,0,,1996-01-29
1996,6,0,,1996-02-05
1996,7,0,,1996-02-12
1996,8,0,,1996-02-19
1996,9,0,,1996-02-26
1996,10,0,,1996-03-04
1996,11,0,,1996-03-11
1996,12,0,,1996-03-18
1996,13,0,,1996-03-25
1996,14,0,,1996-04-01
1996,15,0,,1996-04-08
1996,16,0,,1996-04-15
1996,17,0,,1996-04-22
1996,18,0,,1996-04-29
1996,19,0,,1996-05-06
1996,20,0,,1996-05-13
1996,21,0,,1996-05-20
1996,22,0,,1996-05-27
1996,23,0,,1996-06-03
1996,24,0,,1996-06-10
1996,25,0,,1996-06-17
1996,26,0,,1996-06-24
1996,27,0,,1996-07-01
1996,28,0,,1996-07-08
1996,29,0,,1996-07-15
1996,30,0,,1996-07-22
1996,31,0,,1996-07-29
1996,32,0,,1996-08-05
1996,33,1,S,1996-08-12
1996,34,1,N,1996-08-19
1996,35,1,N,1996-08-26
1996,36,1,E,1996-09-02
1996,37,1,E,1996-09-09
1996,38,1,E,1996-09-16
1996,39,0,,1996-09-23
1996,40,1,E,1996-09-30
1996,41,1,N,1996-10-07
1996,42,1,N,1996-10-14
1996,43,1,N,1996-10-21
1996,44,1,W,1996-10-28
1996,45,0,,1996-11-04
1996,46,0,,1996-11-11
1996,47,0,,1996-11-18
1996,48,0,,1996-11-25
1996,49,0,,1996-12-02
1996,50,0,,1996-12-09
1996,51,0,,1996-12-16
1996,52,0,,1996-12-23
1997,1,0,,1997-01-01
1997,2,0,,1997-01-08
1997,3,0,,1997-01-15
1997,4,0,,1997-01-22
1997,5,0,,1997-01-29
1997,6,0,,1997-02-05
1997,7,0,,1997-02-12
1997,8,0,,1997-02-19
1997,9,0,,1997-02-26
1997,10,0,,1997-03-05
1997,11,0,,1997-03-12
1997,12,0,,1997-03-19
1997,13,0,,1997-03-26
1997,14,0,,1997-04-02
1997,15,0,,1997-04-09
1997,16,0,,1997-04-16
1997,17,0,,1997-04-23
1997,18,0,,1997-04-30
1997,19,0,,1997-05-07
1997,20,0,,1997-05-14
1997,21,0,,1997-05-21
1997,22,0,,1997-05-28
1997,23,0,,1997-06-04
1997,24,0,,1997-06-11
1997,25,0,,1997-06-18
1997,26,0,,1997-06-25
1997,27,0,,1997-07-02
1997,28,0,,1997-07-09
1997,29,0,,1997-07-16
1997,30,0,,1997-07-23
1997,31,0,,1997-07-30
1997,32,1,N,1997-08-06
1997,33,1,N,1997-08-13
1997,34,1,W,1997-08-20
1997,35,1,S,1997-08-27
1997,36,0,,1997-09-03
1997,37,0,,1997-09-10
1997,38,1,E,1997-09-17
1997,39,1,E,1997-09-24
1997,40,1,N,1997-10-01
1997,41,1,E,1997-10-08
1997,42,1,E,1997-10-15
1997,43,1,E,1997-10-22
1997,44,1,E,1997-10-29
1997,45,0,,1997-11-05
1997,46,0,,1997-11-12
1997,47,0,,1997-11-19
1997,48,0,,1997-11-26
1997,49,0,,1997-12-03
1997,50,0,,1997-12-10
1997,51,0,,1997-12-17
1997,52,0,,1997-12-24
1998,1,0,,1998-01-01
1998,2,0,,1998-01-08
1998,3,0,,1998-01-15
1998,4,0,,1998-01-22
1998,5,0,,1998-01-29
1998,6,0,,1998-02-05
1998,7,0,,1998-02-12
1998,8,0,,1998-02-19
1998,9,0,,1998-02-26
1998,10,0,,1998-03-05
1998,11,0,,1998-03-12
1998,12,0,,1998-03-19
1998,13,0,,1998-03-26
1998,14,0,,1998-04-02
1998,15,0,,1998-04-09
1998,16,0,,1998-04-16
1998,17,0,,1998-04-23
1998,18,0,,1998-04-30
1998,19,0,,1998-05-07
1998,20,0,,1998-05-14
1998,21,0,,1998-05-21
1998,22,0,,1998-05-28
1998,23,0,,1998-06-04
1998,24,0,,1998-06-11
1998,25,0,,1998-06-18
1998,26,0,,1998-06-25
1998,27,0,,1998-07-02
1998,28,0,,1998-07-09
1998,29,0,,1998-07-16
1998,30,0,,1998-07-23
1998,31,0,,1998-07-30
1998,32,0,,1998-08-06
1998,33,0,,1998-08-13
1998,34,0,,1998-08-20
1998,35,0,,1998-08-27
1998,36,1,W,1998-09-03
1998,37,1,W,1998-09-10
1998,38,1,N,1998-09-17
1998,39,1,N,1998-09-24
1998,40,0,,1998-10-01
1998,41,0,,1998-10-08
1998,42,0,,1998-10-15
1998,43,0,,1998-10-22
1998,44,0,,1998-10-29
1998,45,0,,1998-11-05
1998,46,0,,1998-11-12
1998,47,0,,1998-11-19
1998,48,0,,1998-11-26
1998,49,0,,1998-12-03
1998,50,0,,1998-12-10
1998,51,0,,1998-12-17
1998,52,0,,1998-12-24
1998,53,0,,1998-12-31
1999,1,0,,1999-01-01
1999,2,0,,1999-01-08
1999,3,0,,1999-01-15
1999,4,0,,1999-01-22
1999,5,0,,1999-01-29
1999,6,0,,1999-02-05
1999,7,0,,1999-02-12
1999,8,0,,1999-02-19
1999,9,0,,1999-02-26
1999,10,0,,1999-03-05
1999,11,0,,1999-03-12
1999,12,0,,1999-03-19
1999,13,0,,1999-03-26
1999,14,0,,1999-04-02
1999,15,0,,1999-04-09
1999,16,0,,1999-04-16
1999,17,0,,1999-04-23
1999,18,0,,1999-04-30
1999,19,0,,1999-05-07
1999,20,0,,1999-05-14
1999,21,0,,1999-05-21
1999,22,0,,1999-05-28
1999,23,0,,1999-06-04
1999,24,0,,1999-06-11
1999,25,0,,1999-06-18
1999,26,0,,1999-06-25
1999,27,0,,1999-07-02
1999,28,0,,1999-07-09
1999,29,0,,1999-07-16
1999,30,0,,1999-07-23
1999,31,0,,1999-07-30
1999,32,0,,1999-08-06
1999,33,0,,1999-08-13
1999,34,1,S,1999-08-20
1999,35,1,N,1999-08-27
1999,36,1,N,1999-09-03
1999,37,0,,1999-09-10
1999,38,0,,1999-09-17
1999,39,1,N,1999-09-24
1999,40,1,W,1999-10-01
1999,41,1,E,1999-10-08
1999,42,0,,1999-10-15
1999,43,0,,1999-10-22
1999,44,0,,1999-10-29
1999,45,0,,1999-11-05
1999,46,0,,1999-11-12
1999,47,0,,1999-11-19
1999,48,0,,1999-11-26
1999,49,0,,1999-12-03
1999,50,0,,1999-12-10
1999,51,0,,1999-12-17
1999,52,0,,1999-12-24
1999,53,0,,1999-12-31
2000,1,0,,2000-01-01
2000,2,0,,2000-01-08
2000,3,0,,2000-01-15
2000,4,0,,2000-01-22
2000,5,0,,2000-01-29
2000,6,0,,2000-02-05
2000,7,0,,2000-02-12
2000,8,0,,2000-02-19
2000,9,0,,2000-02-26
2000,10,0,,2000-03-04
2000,11,0,,2000-03-11
2000,12,0,,2000-03-18
2000,13,0,,2000-03-25
2000,14,0,,2000-04-01
2000,15,0,,2000-04-08
2000,16,0,,2000-04-15
2000,17,0,,2000-04-22
2000,18,0,,2000-04-29
2000,19,0,,2000-05-06
2000,20,0,,2000-05-13
2000,21,0,,2000-05-20
2000,22,0,,2000-05-27
2000,23,0,,2000-06-03
2000,24,0,,2000-06-10
2000,25,0,,2000-06-17
2000,26,0,,2000-06-24
2000,27,0,,2000-07-01
2000,28,0,,2000-07-08
2000,29,0,,2000-07-15
2000,30,0,,2000-07-22
2000,31,0,,2000-07-29
2000,32,0,,2000-08-05
2000,33,0,,2000-08-12
2000,34,1,N,2000-08-19
2000,35,1,W,2000-08-26
2000,36,1,W,2000-09-02
2000,37,0,,2000-09-09
2000,38,0,,2000-09-16
2000,39,1,W,2000-09-23
2000,40,1,W,2000-09-30
2000,41,1,N,2000-10-07
2000,42,1,N,2000-10-14
2000,43,1,N,2000-10-21
2000,44,0,,2000-10-28
2000,45,0,,2000-11-04
2000,46,0,,2000-11-11
2000,47,0,,2000-11-18
2000,48,0,,2000-11-25
2000,49,0,,2000-12-02
2000,50,0,,2000-12-09
2000,51,0,,2000-12-16
2000,52,0,,2000-12-23
2001,1,0,,2001-01-01
2001,2,0,,2001-01-08
2001,3,0,,2001-01-15
2001,4,0,,2001-01-22
2001,5,0,,2001-01-29
2001,6,0,,2001-02-05
2001,7,0,,2001-02-12
2001,8,0,,2001-02-19
2001,9,0,,2001-02-26
2001,10,0,,2001-03-05
2001,11,0,,2001-03-12
2001,12,0,,2001-03-19
2001,13,0,,2001-03-26
2001,14,0,,2001-04-02
2001,15,0,,2001-04-09
2001,16,0,,2001-04-16
2001,17,0,,2001-04-23
2001,18,0,,2001-04-30
2001,19,0,,2001-05-07
2001,20,0,,2001-05-14
2001,21,0,,2001-05-21
2001,22,0,,2001-05-28
2001,23,0,,2001-06-04
2001,24,0,,2001-06-11
2001,25,0,,2001-06-18
2001,26,0,,2001-06-25
2001,27,0,,2001-07-02
2001,28,0,,2001-07-09
2001,29,0,,2001-07-16
2001,30,0,,2001-07-23
2001,31,0,,2001-07-30
2001,32,0,,2001-08-06
2001,33,1,N,2001-08-13
2001,34,1,N,2001-08-20
2001,35,0,,2001-08-27
2001,36,0,,2001-09-03
2001,37,0,,2001-09-10
2001,38,0,,2001-09-17
2001,39,0,,2001-09-24
2001,40,0,,2001-10-01
2001,41,0,,2001-10-08
2001,42,0,,2001-10-15
2001,43,0,,2001-10-22
2001,44,0,,2001-10-29
2001,45,0,,2001-11-05
2001,46,0,,2001-11-12
2001,47,0,,2001-11-19
2001,48,0,,2001-11-26
2001,49,0,,2001-12-03
2001,50,0,,2001-12-10
2001,51,0,,2001-12-17
2001,52,0,,2001-12-24
2002,1,0,,2002-01-01
2002,2,0,,2002-01-08
2002,3,0,,2002-01-15
2002,4,0,,2002-01-22
2002,5,0,,2002-01-29
2002,6,0,,2002-02-05
2002,7,0,,2002-02-12
2002,8,0,,2002-02-19
2002,9,0,,2002-02-26
2002,10,0,,2002-03-05
2002,11,0,,2002-03-12
2002,12,0,,2002-03-19
2002,13,0,,2002-03-26
2002,14,0,,2002-04-02
2002,15,0,,2002-04-09
2002,16,0,,2002-04-16
2002,17,0,,2002-04-23
2002,18,0,,2002-04-30
2002,19,0,,2002-05-07
2002,20,0,,2002-05-14
2002,21,0,,2002-05-21
2002,22,0,,2002-05-28
2002,23,0,,2002-06-04
2002,24,0,,2002-06-11
2002,25,0,,2002-06-18
2002,26,0,,2002-06-25
2002,27,0,,2002-07-02
2002,28,0,,2002-07-09
2002,29,0,,2002-07-16
2002,30,0,,2002-07-23
2002,31,0,,2002-07-30
2002,32,0,,2002-08-06
2002,33,0,,2002-08-13
2002,34,1,W,2002-08-20
2002,35,1,W,2002-08-27
2002,36,1,W,2002-09-03
2002,37,1,N,2002-09-10
2002,38,1,S,2002-09-17
2002,39,1,E,2002-09-24
2002,40,1,N,2002-10-01
2002,41,0,,2002-10-08
2002,42,0,,2002-10-15
2002,43,0,,2002-10-22
2002,44,0,,2002-10-29
2002,45,0,,2002-11-05
2002,46,0,,2002-11-12
2002,47,0,,2002-11-19
2002,48,0,,2002-11-26
2002,49,0,,2002-12-03
2002,50,0,,2002-12-10
2002,51,0,,2002-12-17
2002,52,0,,2002-12-24
2003,1,0,,2003-01-01
2003,2,0,,2003-01-08
2003,3,0,,2003-01-15
2003,4,0,,2003-01-22
2003,5,0,,2003-01-29
2003,6,0,,2003-02-05
2003,7,0,,2003-02-12
2003,8,0,,2003-02-19
2003,9,0,,2003-02-26
2003,10,0,,2003-03-05
2003,11,0,,2003-03-12
2003,12,0,,2003-03-19
2003,13,0,,2003-03-26
2003,14,0,,2003-04-02
2003,15,0,,2003-04-09
2003,16,0,,2003-04-16
2003,17,0,,2003-04-23
2003,18,0,,2003-04-30
2003,19,0,,2003-05-07
2003,20,0,,2003-05-14
2003,21,0,,2003-05-21
2003,22,0,,2003-05-28
2003,23,0,,2003-06-04
2003,24,0,,2003-06-11
2003,25,0,,2003-06-18
2003,26,0,,2003-06-25
2003,27,0,,2003-07-02
2003,28,0,,2003-07-09
2003,29,0,,2003-07-16
2003,30,0,,2003-07-23
2003,31,1,W,2003-07-30
2003,32,1,W,2003-08-06
2003,33,0,,2003-08-13
2003,34,0,,2003-08-20
2003,35,0,,2003-08-27
2003,36,0,,2003-09-03
2003,37,1,N,2003-09-10
2003,38,1,N,2003-09-17
2003,39,0,,2003-09-24
2003,40,0,,2003-10-01
2003,41,0,,2003-10-08
2003,42,1,N,2003-10-15
2003,43,0,,2003-10-22
2003,44,0,,2003-10-29
2003,45,0,,2003-11-05
2003,46,0,,2003-11-12
2003,47,0,,2003-11-19
2003,48,0,,2003-11-26
2003,49,0,,2003-12-03
2003,50,0,,2003-12-10
2003,51,0,,2003-12-17
2003,52,0,,2003-12-24
2004,1,0,,2004-01-01
2004,2,0,,2004-01-08
2004,3,0,,2004-01-15
2004,4,0,,2004-01-22
2004,5,0,,2004-01-29
2004,6,0,,2004-02-05
2004,7,0,,2004-02-12
2004,8,0,,2004-02-19
2004,9,0,,2004-02-26
2004,10,0,,2004-03-04
2004,11,0,,2004-03-11
2004,12,0,,2004-03-18
2004,13,0,,2004-03-25
2004,14,0,,2004-04-01
2004,15,0,,2004-04-08
2004,16,0,,2004-04-15
2004,17,0,,2004-04-22
2004,18,0,,2004-04-29
2004,19,0,,2004-05-06
2004,20,0,,2004-05-13
2004,21,0,,2004-05-20
2004,22,0,,2004-05-27
2004,23,0,,2004-06-03
2004,24,0,,2004-06-10
2004,25,0,,2004-06-17
2004,26,0,,2004-06-24
2004,27,0,,2004-07-01
2004,28,0,,2004-07-08
2004,29,0,,2004-07-15
2004,30,0,,2004-07-22
2004,31,0,,2004-07-29
2004,32,0,,2004-08-05
2004,33,0,,2004-08-12
2004,34,0,,2004-08-19
2004,35,0,,2004-08-26
2004,36,1,N,2004-09-02
2004,37,1,N,2004-09-09
2004,38,0,,2004-09-16
2004,39,0,,2004-09-23
2004,40,0,,2004-09-30
2004,41,0,,2004-10-07
2004,42,0,,2004-10-14
2004,43,0,,2004-10-21
2004,44,0,,2004-10-28
2004,45,0,,2004-11-04
2004,46,0,,2004-11-11
2004,47,0,,2004-11-18
2004,48,0,,2004-11-25
2004,49,0,,2004-12-02
2004,50,0,,2004-12-09
2004,51,0,,2004-12-16
2004,52,0,,2004-12-23
2004,53,0,,2004-12-30
2005,1,0,,2005-01-01
2005,2,0,,2005-01-08
2005,3,0,,2005-01-15
2005,4,0,,2005-01-22
2005,5,0,,2005-01-29
2005,6,0,,2005-02-05
2005,7,0,,2005-02-12
2005,8,0,,2005-02-19
2005,9,0,,2005-02-26
2005,10,0,,2005-03-05
2005,11,0,,2005-03-12
2005,12,0,,2005-03-19
2005,13,0,,2005-03-26
2005,14,0,,2005-04-02
2005,15,0,,2005-04-09
2005,16,0,,2005-04-16
2005,17,0,,2005-04-23
2005,18,0,,2005-04-30
2005,19,0,,2005-05-07
2005,20,0,,2005-05-14
2005,21,0,,2005-05-21
2005,22,0,,2005-05-28
2005,23,0,,2005-06-04
2005,24,0,,2005-06-11
2005,25,0,,2005-06-18
2005,26,0,,2005-06-25
2005,27,0,,2005-07-02
2005,28,0,,2005-07-09
2005,29,0,,2005-07-16
2005,30,0,,2005-07-23
2005,31,0,,2005-07-30
2005,32,0,,2005-08-06
2005,33,1,N,2005-08-13
2005,34,1,W,2005-08-20
2005,35,1,N,2005-08-27
2005,36,1,N,2005-09-03
2005,37,1,N,2005-09-10
2005,38,1,S,2005-09-17
2005,39,1,W,2005-09-24
2005,40,1,W,2005-10-01
2005,41,1,N,2005-10-08
2005,42,1,N,2005-10-15
2005,43,0,,2005-10-22
2005,44,0,,2005-10-29
2005,45,0,,2005-11-05
2005,46,0,,2005-11-12
2005,47,0,,2005-11-19
2005,48,0,,2005-11-26
2005,49,0,,2005-12-03
2005,50,0,,2005-12-10
2005,51,0,,2005-12-17
2005,52,0,,2005-12-24
2005,53,0,,2005-12-31
2006,1,0,,2006-01-01
2006,2,0,,2006-01-08
2006,3,0,,2006-01-15
2006,4,0,,2006-01-22
2006,5,0,,2006-01-29
2006,6,0,,2006-02-05
2006,7,0,,2006-02-12
2006,8,0,,2006-02-19
2006,9,0,,2006-02-26
2006,10,0,,2006-03-05
2006,11,0,,2006-03-12
2006,12,0,,2006-03-19
2006,13,0,,2006-03-26
2006,14,0,,2006-04-02
2006,15,0,,2006-04-09
2006,16,0,,2006-04-16
2006,17,0,,2006-04-23
2006,18,0,,2006-04-30
2006,19,0,,2006-05-07
2006,20,0,,2006-05-14
2006,21,0,,2006-05-21
2006,22,0,,2006-05-28
2006,23,0,,2006-06-04
2006,24,0,,2006-06-11
2006,25,0,,2006-06-18
2006,26,0,,2006-06-25
2006,27,0,,2006-07-02
2006,28,0,,2006-07-09
2006,29,0,,2006-07-16
2006,30,0,,2006-07-23
2006,31,0,,2006-07-30
2006,32,0,,2006-08-06
2006,33,0,,2006-08-13
2006,34,0,,2006-08-20
2006,35,0,,2006-08-27
2006,36,0,,2006-09-03
2006,37,1,W,2006-09-10
2006,38,1,N,2006-09-17
2006,39,1,W,2006-09-24
2006,40,0,,2006-10-01
2006,41,0,,2006-10-08
2006,42,0,,2006-10-15
2006,43,0,,2006-10-22
2006,44,0,,2006-10-29
2006,45,0,,2006-11-05
2006,46,0,,2006-11-12
2006,47,0,,2006-11-19
2006,48,0,,2006-11-26
2006,49,0,,2006-12-03
2006,50,0,,2006-12-10
2006,51,0,,2006-12-17
2006,52,0,,2006-12-24
2007,1,0,,2007-01-01
2007,2,0,,2007-01-08
2007,3,0,,2007-01-15
2007,4,0,,2007-01-22
2007,5,0,,2007-01-29
2007,6,0,,2007-02-05
2007,7,0,,2007-02-12
2007,8,0,,2007-02-19
2007,9,0,,2007-02-26
2007,10,0,,2007-03-05
2007,11,0,,2007-03-12
2007,12,0,,2007-03-19
2007,13,0,,2007-03-26
2007,14,0,,2007-04-02
2007,15,0,,2007-04-09
2007,16,0,,2007-04-16
2007,17,0,,2007-04-23
2007,18,0,,2007-04-30
2007,19,0,,2007-05-07
2007,20,0,,2007-05-14
2007,21,0,,2007-05-21
2007,22,0,,2007-05-28
2007,23,0,,2007-06-04
2007,24,0,,2007-06-11
2007,25,0,,2007-06-18
2007,26,0,,2007-06-25
2007,27,0,,2007-07-02
2007,28,0,,2007-07-09
2007,29,0,,2007-07-16
2007,30,0,,2007-07-23
2007,31,0,,2007-07-30
2007,32,1,W,2007-08-06
2007,33,1,E,2007-08-13
2007,34,1,E,2007-08-20
2007,35,1,E,2007-08-27
2007,36,1,E,2007-09-03
2007,37,1,N,2007-09-10
2007,38,1,W,2007-09-17
2007,39,1,W,2007-09-24
2007,40,1,W,2007-10-01
2007,41,1,N,2007-10-08
2007,42,1,E,2007-10-15
2007,43,1,S,2007-10-22
2007,44,1,N,2007-10-29
2007,45,0,,2007-11-05
2007,46,0,,2007-11-12
2007,47,0,,2007-11-19
2007,48,0,,2007-11-26
2007,49,0,,2007-12-03
2007,50,0,,2007-12-10
2007,51,0,,2007-12-17
2007,52,0,,2007-12-24
2008,1,0,,2008-01-01
2008,2,0,,2008-01-08
2008,3,0,,2008-01-15
2008,4,0,,2008-01-22
2008,5,0,,2008-01-29
2008,6,0,,2008-02-05
2008,7,0,,2008-02-12
2008,8,0,,2008-02-19
2008,9,0,,2008-02-26
2008,10,0,,2008-03-04
2008,11,0,,2008-03-11
2008,12,0,,2008-03-18
2008,13,0,,2008-03-25
2008,14,0,,2008-04-01
2008,15,0,,2008-04-08
2008,16,0,,2008-04-15
2008,17,0,,2008-04-22
2008,18,0,,2008-04-29
2008,19,0,,2008-05-06
2008,20,0,,2008-05-13
2008,21,0,,2008-05-20
2008,22,0,,2008-05-27
2008,23,0,,2008-06-03
2008,24,0,,2008-06-10
2008,25,0,,2008-06-17
2008,26,0,,2008-06-24
2008,27,0,,2008-07-01
2008,28,0,,2008-07-08
2008,29,0,,2008-07-15
2008,30,0,,2008-07-22
2008,31,0,,2008-07-29
2008,32,0,,2008-08-05
2008,33,0,,2008-08-12
2008,34,0,,2008-08-19
2008,35,0,,2008-08-26
2008,36,0,,2008-09-02
2008,37,0,,2008-09-09
2008,38,1,E,2008-09-16
2008,39,1,E,2008-09-23
2008,40,1,N,2008-09-30
2008,41,1,N,2008-10-07
2008,42,0,,2008-10-14
2008,43,0,,2008-10-21
2008,44,0,,2008-10-28
2008,45,0,,2008-11-04
2008,46,0,,2008-11-11
2008,47,0,,2008-11-18
2008,48,0,,2008-11-25
2008,49,0,,2008-12-02
2008,50,0,,2008-12-09
2008,51,0,,2008-12-16
2008,52,0,,2008-12-23
2009,1,0,,2009-01-01
2009,2,0,,2009-01-08
2009,3,0,,2009-01-15
2009,4,0,,2009-01-22
2009,5,0,,2009-01-29
2009,6,0,,2009-02-05
2009,7,0,,2009-02-12
2009,8,0,,2009-02-19
2009,9,0,,2009-02-26
2009,10,0,,2009-03-05
2009,11,0,,2009-03-12
2009,12,0,,2009-03-19
2009,13,0,,2009-03-26
2009,14,0,,2009-04-02
2009,15,0,,2009-04-09
2009,16,0,,2009-04-16
2009,17,0,,2009-04-23
2009,18,0,,2009-04-30
2009,19,0,,2009-05-07
2009,20,0,,2009-05-14
2009,21,0,,2009-05-21
2009,22,0,,2009-05-28
2009,23,0,,2009-06-04
2009,24,0,,2009-06-11
2009,25,0,,2009-06-18
2009,26,0,,2009-06-25
2009,27,0,,2009-07-02
2009,28,0,,2009-07-09
2009,29,0,,2009-07-16
2009,30,0,,2009-07-23
2009,31,0,,2009-07-30
2009,32,0,,2009-08-06
2009,33,0,,2009-08-13
2009,34,0,,2009-08-20
2009,35,0,,2009-08-27
2009,36,1,W,2009-09-03
2009,37,1,N,2009-09-10
2009,38,1,N,2009-09-17
2009,39,1,N,2009-09-24
2009,40,1,N,2009-10-01
2009,41,1,E,2009-10-08
2009,42,1,E,2009-10-15
2009,43,1,E,2009-10-22
2009,44,0,,2009-10-29
2009,45,0,,2009-11-05
2009,46,0,,2009-11-12
2009,47,0,,2009-11-19
2009,48,0,,2009-11-26
2009,49,0,,2009-12-03
2009,50,0,,2009-12-10
2009,51,0,,2009-12-17
2009,52,0,,2009-12-24
2009,53,0,,2009-12-31
2010,1,0,,2010-01-01
2010,2,0,,2010-01-08
2010,3,0,,2010-01-15
2010,4,0,,2010-01-22
2010,5,0,,2010-01-29
2010,6,0,,2010-02-05
2010,7,0,,2010-02-12
2010,8,0,,2010-02-19
2010,9,0,,2010-02-26
2010,10,0,,2010-03-05
2010,11,0,,2010-03-12
2010,12,0,,2010-03-19
2010,13,0,,2010-03-26
2010,14,0,,2010-04-02
2010,15,0,,2010-04-09
2010,16,0,,2010-04-16
2010,17,0,,2010-04-23
2010,18,0,,2010-04-30
2010,19,0,,2010-05-07
2010,20,0,,2010-05-14
2010,21,0,,2010-05-21
2010,22,0,,2010-05-28
2010,23,0,,2010-06-04
2010,24,0,,2010-06-11
2010,25,0,,2010-06-18
2010,26,0,,2010-06-25
2010,27,0,,2010-07-02
2010,28,0,,2010-07-09
2010,29,0,,2010-07-16
2010,30,1,N,2010-07-23
2010,31,1,W,2010-07-30
2010,32,1,W,2010-08-06
2010,33,1,N,2010-08-13
2010,34,0,,2010-08-20
2010,35,0,,2010-08-27
2010,36,0,,2010-09-03
2010,37,0,,2010-09-10
2010,38,0,,2010-09-17
2010,39,0,,2010-09-24
2010,40,1,N,2010-10-01
2010,41,1,N,2010-10-08
2010,42,1,N,2010-10-15
2010,43,0,,2010-10-22
2010,44,0,,2010-10-29
2010,45,0,,2010-11-05
2010,46,0,,2010-11-12
2010,47,0,,2010-11-19
2010,48,0,,2010-11-26
2010,49,0,,2010-12-03
2010,50,0,,2010-12-10
2010,51,0,,2010-12-17
2010,52,0,,2010-12-24
2010,53,0,,2010-12-31
2011,1,0,,2011-01-01
2011,2,0,,2011-01-08
2011,3,0,,2011-01-15
2011,4,0,,2011-01-22
2011,5,0,,2011-01-29
2011,6,0,,2011-02-05
2011,7,0,,2011-02-12
2011,8,0,,2011-02-19
2011,9,0,,2011-02-26
2011,10,0,,2011-03-05
2011,11,0,,2011-03-12
2011,12,0,,2011-03-19
2011,13,0,,2011-03-26
2011,14,0,,2011-04-02
2011,15,0,,2011-04-09
2011,16,0,,2011-04-16
2011,17,0,,2011-04-23
2011,18,0,,2011-04-30
2011,19,0,,2011-05-07
2011,20,0,,2011-05-14
2011,21,0,,2011-05-21
2011,22,0,,2011-05-28
2011,23,0,,2011-06-04
2011,24,0,,2011-06-11
2011,25,0,,2011-06-18
2011,26,0,,2011-06-25
2011,27,0,,2011-07-02
2011,28,0,,2011-07-09
2011,29,0,,2011-07-16
2011,30,0,,2011-07-23
2011,31,0,,2011-07-30
2011,32,0,,2011-08-06
2011,33,0,,2011-08-13
2011,34,0,,2011-08-20
2011,35,0,,2011-08-27
2011,36,0,,2011-09-03
2011,37,0,,2011-09-10
2011,38,1,N,2011-09-17
2011,39,1,N,2011-09-24
2011,40,0,,2011-10-01
2011,41,1,W,2011-10-08
2011,42,1,W,2011-10-15
2011,43,1,W,2011-10-22
2011,44,0,,2011-10-29
2011,45,0,,2011-11-05
2011,46,0,,2011-11-12
2011,47,0,,2011-11-19
2011,48,0,,2011-11-26
2011,49,0,,2011-12-03
2011,50,0,,2011-12-10
2011,51,0,,2011-12-17
2011,52,0,,2011-12-24
2012,1,0,,2012-01-01
2012,2,0,,2012-01-08
2012,3,0,,2012-01-15
2012,4,0,,2012-01-22
2012,5,0,,2012-01-29
2012,6,0,,2012-02-05
2012,7,0,,2012-02-12
2012,8,0,,2012-02-19
2012,9,0,,2012-02-26
2012,10,0,,2012-03-04
2012,11,0,,2012-03-11
2012,12,0,,2012-03-18
2012,13,0,,2012-03-25
2012,14,0,,2012-04-01
2012,15,0,,2012-04-08
2012,16,0,,2012-04-15
2012,17,0,,2012-04-22
2012,18,0,,2012-04-29
2012,19,0,,2012-05-06
2012,20,0,,2012-05-13
2012,21,0,,2012-05-20
2012,22,0,,2012-05-27
2012,23,0,,2012-06-03
2012,24,0,,2012-06-10
2012,25,0,,2012-06-17
2012,26,0,,2012-06-24
2012,27,0,,2012-07-01
2012,28,0,,2012-07-08
2012,29,0,,2012-07-15
2012,30,0,,2012-07-22
2012,31,0,,2012-07-29
2012,32,0,,2012-08-05
2012,33,0,,2012-08-12
2012,34,0,,2012-08-19
2012,35,0,,2012-08-26
2012,36,0,,2012-09-02
2012,37,0,,2012-09-09
2012,38,0,,2012-09-16
2012,39,0,,2012-09-23
2012,40,0,,2012-09-30
2012,41,0,,2012-10-07
2012,42,1,E,2012-10-14
2012,43,1,E,2012-10-21
2012,44,1,E,2012-10-28
2012,45,0,,2012-11-04
2012,46,0,,2012-11-11
2012,47,0,,2012-11-18
2012,48,0,,2012-11-25
2012,49,0,,2012-12-02
2012,50,0,,2012-12-09
2012,51,0,,2012-12-16
2012,52,0,,2012-12-23
2013,1,0,,2013-01-01
2013,2,0,,2013-01-08
2013,3,0,,2013-01-15
2013,4,0,,2013-01-22
2013,5,0,,2013-01-29
2013,6,0,,2013-02-05
2013,7,0,,2013-02-12
2013,8,0,,2013-02-19
2013,9,0,,2013-02-26
2013,10,0,,2013-03-05
2013,11,0,,2013-03-12
2013,12,0,,2013-03-19
2013,13,0,,2013-03-26
2013,14,0,,2013-04-02
2013,15,0,,2013-04-09
2013,16,0,,2013-04-16
2013,17,0,,2013-04-23
2013,18,0,,2013-04-30
2013,19,0,,2013-05-07
2013,20,0,,2013-05-14
2013,21,0,,2013-05-21
2013,22,0,,2013-05-28
2013,23,0,,2013-06-04
2013,24,0,,2013-06-11
2013,25,0,,2013-06-18
2013,26,0,,2013-06-25
2013,27,0,,2013-07-02
2013,28,0,,2013-07-09
2013,29,0,,2013-07-16
2013,30,0,,2013-07-23
2013,31,0,,2013-07-30
2013,32,0,,2013-08-06
2013,33,0,,2013-08-13
2013,34,0,,2013-08-20
2013,35,0,,2013-08-27
2013,36,0,,2013-09-03
2013,37,0,,2013-09-10
2013,38,0,,2013-09-17
2013,39,0,,2013-09-24
2013,40,1,N,2013-10-01
2013,41,0,,2013-10-08
2013,42,0,,2013-10-15
2013,43,0,,2013-10-22
2013,44,0,,2013-10-29
2013,45,0,,2013-11-05
2013,46,0,,2013-11-12
2013,47,0,,2013-11-19
2013,48,0,,2013-11-26
2013,49,0,,2013-12-03
2013,50,0,,2013-12-10
2013,51,0,,2013-12-17
2013,52,0,,2013-12-24
2014,1,0,,2014-01-01
2014,2,0,,2014-01-08
2014,3,0,,2014-01-15
2014,4,0,,2014-01-22
2014,5,0,,2014-01-29
2014,6,0,,2014-02-05
2014,7,0,,2014-02-12
2014,8,0,,2014-02-19
2014,9,0,,2014-02-26
2014,10,0,,2014-03-05
2014,11,0,,2014-03-12
2014,12,0,,2014-03-19
2014,13,0,,2014-03-26
2014,14,0,,2014-04-02
2014,15,0,,2014-04-09
2014,16,0,,2014-04-16
2014,17,0,,2014-04-23
2014,18,0,,2014-04-30
2014,19,0,,2014-05-07
2014,20,0,,2014-05-14
2014,21,0,,2014-05-21
2014,22,0,,2014-05-28
2014,23,0,,2014-06-04
2014,24,0,,2014-06-11
2014,25,0,,2014-06-18
2014,26,0,,2014-06-25
2014,27,0,,2014-07-02
2014,28,0,,2014-07-09
2014,29,0,,2014-07-16
2014,30,0,,2014-07-23
2014,31,0,,2014-07-30
2014,32,0,,2014-08-06
2014,33,0,,2014-08-13
2014,34,0,,2014-08-20
2014,35,0,,2014-08-27
2014,36,1,E,2014-09-03
2014,37,1,E,2014-09-10
2014,38,1,E,2014-09-17
2014,39,1,N,2014-09-24
2014,40,0,,2014-10-01
2014,41,1,N,2014-10-08
2014,42,1,N,2014-10-15
2014,43,1,N,2014-10-22
2014,44,1,N,2014-10-29
2014,45,0,,2014-11-05
2014,46,0,,2014-11-12
2014,47,0,,2014-11-19
2014,48,0,,2014-11-26
2014,49,0,,2014-12-03
2014,50,0,,2014-12-10
2014,51,0,,2014-12-17
2014,52,0,,2014-12-24
2015,1,0,,2015-01-01
2015,2,0,,2015-01-08
2015,3,0,,2015-01-15
2015,4,0,,2015-01-22
2015,5,0,,2015-01-29
2015,6,0,,2015-02-05
2015,7,0,,2015-02-12
2015,8,0,,2015-02-19
2015,9,0,,2015-02-26
2015,10,0,,2015-03-05
2015,11,0,,2015-03-12
2015,12,0,,2015-03-19
2015,13,0,,2015-03-26
2015,14,0,,2015-04-02
2015,15,0,,2015-04-09
2015,16,0,,2015-04-16
2015,17,0,,2015-04-23
2015,18,0,,2015-04-30
2015,19,0,,2015-05-07
2015,20,0,,2015-05-14
2015,21,0,,2015-05-21
2015,22,0,,2015-05-28
2015,23,0,,2015-06-04
2015,24,0,,2015-06-11
2015,25,0,,2015-06-18
2015,26,0,,2015-06-25
2015,27,0,,2015-07-02
2015,28,0,,2015-07-09
2015,29,0,,2015-07-16
2015,30,0,,2015-07-23
2015,31,0,,2015-07-30
2015,32,1,N,2015-08-06
2015,33,1,W,2015-08-13
2015,34,0,,2015-08-20
2015,35,0,,2015-08-27
2015,36,1,E,2015-09-03
2015,37,1,E,2015-09-10
2015,38,0,,2015-09-17
2015,39,1,E,2015-09-24
2015,40,1,N,2015-10-01
2015,41,1,E,2015-10-08
2015,42,1,E,2015-10-15
2015,43,1,E,2015-10-22
2015,44,0,,2015-10-29
2015,45,0,,2015-11-05
2015,46,0,,2015-11-12
2015,47,0,,2015-11-19
2015,48,0,,2015-11-26
2015,49,0,,2015-12-03
2015,50,0,,2015-12-10
2015,51,0,,2015-12-17
2015,52,0,,2015-12-24
2015,53,0,,2015-12-31
2016,1,0,,2016-01-01
2016,2,0,,2016-01-08
2016,3,0,,2016-01-15
2016,4,0,,2016-01-22
2016,5,0,,2016-01-29
2016,6,0,,2016-02-05
2016,7,0,,2016-02-12
2016,8,0,,2016-02-19
2016,9,0,,2016-02-26
2016,10,0,,2016-03-04
2016,11,0,,2016-03-11
2016,12,0,,2016-03-18
2016,13,0,,2016-03-25
2016,14,0,,2016-04-01
2016,15,0,,2016-04-08
2016,16,0,,2016-04-15
2016,17,0,,2016-04-22
2016,18,0,,2016-04-29
2016,19,0,,2016-05-06
2016,20,0,,2016-05-13
2016,21,0,,2016-05-20
2016,22,0,,2016-05-27
2016,23,0,,2016-06-03
2016,24,0,,2016-06-10
2016,25,0,,2016-06-17
2016,26,0,,2016-06-24
2016,27,0,,2016-07-01
2016,28,0,,2016-07-08
2016,29,0,,2016-07-15
2016,30,0,,2016-07-22
2016,31,0,,2016-07-29
2016,32,0,,2016-08-05
2016,33,0,,2016-08-12
2016,34,0,,2016-08-19
2016,35,0,,2016-08-26
2016,36,1,N,2016-09-02
2016,37,1,N,2016-09-09
2016,38,1,N,2016-09-16
2016,39,0,,2016-09-23
2016,40,0,,2016-09-30
2016,41,0,,2016-10-07
2016,42,0,,2016-10-14
2016,43,0,,2016-10-21
2016,44,0,,2016-10-28
2016,45,0,,2016-11-04
2016,46,0,,2016-11-11
2016,47,0,,2016-11-18
2016,48,0,,2016-11-25
2016,49,0,,2016-12-02
2016,50,0,,2016-12-09
2016,51,0,,2016-12-16
2016,52,0,,2016-12-23
2016,53,0,,2016-12-30
2017,1,0,,2017-01-01
2017,2,0,,2017-01-08
2017,3,0,,2017-01-15
2017,4,0,,2017-01-22
2017,5,0,,2017-01-29
2017,6,0,,2017-02-05
2017,7,0,,2017-02-12
2017,8,0,,2017-02-19
2017,9,0,,2017-02-26
2017,10,0,,2017-03-05
2017,11,0,,2017-03-12
2017,12,0,,2017-03-19
2017,13,0,,2017-03-26
2017,14,0,,2017-04-02
2017,15,0,,2017-04-09
2017,16,0,,2017-04-16
2017,17,0,,2017-04-23
2017,18,0,,2017-04-30
2017,19,0,,2017-05-07
2017,20,0,,2017-05-14
2017,21,0,,2017-05-21
2017,22,0,,2017-05-28
2017,23,0,,2017-06-04
2017,24,0,,2017-06-11
2017,25,0,,2017-06-18
2017,26,0,,2017-06-25
2017,27,0,,2017-07-02
2017,28,0,,2017-07-09
2017,29,0,,2017-07-16
2017,30,0,,2017-07-23
2017,31,1,N,2017-07-30
2017,32,1,W,2017-08-06
2017,33,1,N,2017-08-13
2017,34,1,W,2017-08-20
2017,35,0,,2017-08-27
2017,36,0,,2017-09-03
2017,37,0,,2017-09-10
2017,38,0,,2017-09-17
2017,39,0,,2017-09-24
2017,40,0,,2017-10-01
2017,41,0,,2017-10-08
2017,42,0,,2017-10-15
2017,43,0,,2017-10-22
2017,44,0,,2017-10-29
2017,45,0,,2017-11-05
2017,46,0,,2017-11-12
2017,47,0,,2017-11-19
2017,48,0,,2017-11-26
2017,49,0,,2017-12-03
2017,50,0,,2017-12-10
2017,51,0,,2017-12-17
2017,52,0,,2017-12-24
2018,1,0,,2018-01-01
2018,2,0,,2018-01-08
2018,3,0,,2018-01-15
2018,4,0,,2018-01-22
2018,5,0,,2018-01-29
2018,6,0,,2018-02-05
2018,7,0,,2018-02-12
2018,8,0,,2018-02-19
2018,9,0,,2018-02-26
2018,10,0,,2018-03-05
2018,11,0,,2018-03-12
2018,12,0,,2018-03-19
2018,13,0,,2018-03-26
2018,14,0,,2018-04-02
2018,15,0,,2018-04-09
2018,16,0,,2018-04-16
2018,17,0,,2018-04-23
2018,18,0,,2018-04-30
2018,19,0,,2018-05-07
2018,20,0,,2018-05-14
2018,21,0,,2018-05-21
2018,22,0,,2018-05-28
2018,23,0,,2018-06-04
2018,24,0,,2018-06-11
2018,25,0,,2018-06-18
2018,26,0,,2018-06-25
2018,27,0,,2018-07-02
2018,28,0,,2018-07-09
2018,29,0,,2018-07-16
2018,30,0,,2018-07-23
2018,31,0,,2018-07-30
2018,32,0,,2018-08-06
2018,33,1,N,2018-08-13
2018,34,1,N,2018-08-20
2018,35,1,N,2018-08-27
2018,36,1,W,2018-09-03
2018,37,0,,2018-09-10
2018,38,0,,2018-09-17
2018,39,0,,2018-09-24
2018,40,1,N,2018-10-01
2018,41,1,N,2018-10-08
2018,42,1,N,2018-10-15
2018,43,1,N,2018-10-22
2018,44,0,,2018-10-29
2018,45,0,,2018-11-05
2018,46,0,,2018-11-12
2018,47,0,,2018-11-19
2018,48,0,,2018-11-26
2018,49,0,,2018-12-03
2018,50,0,,2018-12-10
2018,51,0,,2018-12-17
2018,52,0,,2018-12-24
2019,1,0,,2019-01-01
2019,2,0,,2019-01-08
2019,3,0,,2019-01-15
2019,4,0,,2019-01-22
2019,5,0,,2019-01-29
2019,6,0,,2019-02-05
2019,7,0,,2019-02-12
2019,8,0,,2019-02-19
2019,9,0,,2019-02-26
2019,10,0,,2019-03-05
2019,11,0,,2019-03-12
2019,12,0,,2019-03-19
2019,13,0,,2019-03-26
2019,14,0,,2019-04-02
2019,15,0,,2019-04-09
2019,16,0,,2019-04-16
2019,17,0,,2019-04-23
2019,18,0,,2019-04-30
2019,19,0,,2019-05-07
2019,20,0,,2019-05-14
2019,21,0,,2019-05-21
2019,22,0,,2019-05-28
2019,23,0,,2019-06-04
2019,24,0,,2019-06-11
2019,25,0,,2019-06-18
2019,26,0,,2019-06-25
2019,27,0,,2019-07-02
2019,28,0,,2019-07-09
2019,29,0,,2019-07-16
2019,30,0,,2019-07-23
2019,31,0,,2019-07-30
2019,32,0,,2019-08-06
2019,33,0,,2019-08-13
2019,34,1,N,2019-08-20
2019,35,1,N,2019-08-27
2019,36,1,W,2019-09-03
2019,37,1,N,2019-09-10
2019,38,1,N,2019-09-17
2019,39,0,,2019-09-24
2019,40,0,,2019-10-01
2019,41,0,,2019-10-08
2019,42,1,N,2019-10-15
2019,43,1,N,2019-10-22
2019,44,0,,2019-10-29
2019,45,0,,2019-11-05
2019,46,0,,2019-11-12
2019,47,0,,2019-11-19
2019,48,0,,2019-11-26
2019,49,0,,2019-12-03
2019,50,0,,2019-12-10
2019,51,0,,2019-12-17
2019,52,0,,2019-12-24
2020,1,0,,2020-01-01
2020,2,0,,2020-01-08
2020,3,0,,2020-01-15
2020,4,0,,2020-01-22
2020,5,0,,2020-01-29
2020,6,0,,2020-02-05
2020,7,0,,2020-02-12
2020,8,0,,2020-02-19
2020,9,0,,2020-02-26
2020,10,0,,2020-03-04
2020,11,0,,2020-03-11
2020,12,0,,2020-03-18
2020,13,0,,2020-03-25
2020,14,0,,2020-04-01
2020,15,0,,2020-04-08
2020,16,0,,2020-04-15
2020,17,0,,2020-04-22
2020,18,0,,2020-04-29
2020,19,0,,2020-05-06
2020,20,0,,2020-05-13
2020,21,0,,2020-05-20
2020,22,0,,2020-05-27
2020,23,0,,2020-06-03
2020,24,0,,2020-06-10
2020,25,0,,2020-06-17
2020,26,0,,2020-06-24
2020,27,0,,2020-07-01
2020,28,0,,2020-07-08
2020,29,0,,2020-07-15
2020,30,0,,2020-07-22
2020,31,0,,2020-07-29
2020,32,0,,2020-08-05
2020,33,0,,2020-08-12
2020,34,0,,2020-08-19
2020,35,0,,2020-08-26
2020,36,0,,2020-09-02
2020,37,1,N,2020-09-09
2020,38,1,N,2020-09-16
2020,39,1,W,2020-09-23
2020,40,1,W,2020-09-30
2020,41,0,,2020-10-07
2020,42,0,,2020-10-14
2020,43,0,,2020-10-21
2020,44,0,,2020-10-28
2020,45,0,,2020-11-04
2020,46,0,,2020-11-11
2020,47,0,,2020-11-18
2020,48,0,,2020-11-25
2020,49,0,,2020-12-02
2020,50,0,,2020-12-09
2020,51,0,,2020-12-16
2020,52,0,,2020-12-23
2020,53,0,,2020-12-30
2021,1,0,,2021-01-01
2021,2,0,,2021-01-08
2021,3,0,,2021-01-15
2021,4,0,,2021-01-22
2021,5,0,,2021-01-29
2021,6,0,,2021-02-05
2021,7,0,,2021-02-12
2021,8,0,,2021-02-19
2021,9,0,,2021-02-26
2021,10,0,,2021-03-05
2021,11,0,,2021-03-12
2021,12,0,,2021-03-19
2021,13,0,,2021-03-26
2021,14,0,,2021-04-02
2021,15,0,,2021-04-09
2021,16,0,,2021-04-16
2021,17,0,,2021-04-23
2021,18,0,,2021-04-30
2021,19,0,,2021-05-07
2021,20,0,,2021-05-14
2021,21,0,,2021-05-21
2021,22,0,,2021-05-28
2021,23,0,,2021-06-04
2021,24,0,,2021-06-11
2021,25,0,,2021-06-18
2021,26,0,,2021-06-25
2021,27,0,,2021-07-02
2021,28,0,,2021-07-09
2021,29,0,,2021-07-16
2021,30,0,,2021-07-23
2021,31,0,,2021-07-30
2021,32,0,,2021-08-06
2021,33,0,,2021-08-13
2021,34,1,E,2021-08-20
2021,35,1,N,2021-08-27
2021,36,1,N,2021-09-03
2021,37,0,,2021-09-10
2021,38,0,,2021-09-17
2021,39,0,,2021-09-24
2021,40,1,W,2021-10-01
2021,41,1,W,2021-10-08
2021,42,0,,2021-10-15
2021,43,1,N,2021-10-22
2021,44,0,,2021-10-29
2021,45,0,,2021-11-05
2021,46,0,,2021-11-12
2021,47,0,,2021-11-19
2021,48,0,,2021-11-26
2021,49,0,,2021-12-03
2021,50,0,,2021-12-10
2021,51,0,,2021-12-17
2021,52,0,,2021-12-24
2021,53,0,,2021-12-31
2022,1,0,,2022-01-01
2022,2,0,,2022-01-08
2022,3,0,,2022-01-15
2022,4,0,,2022-01-22
2022,5,0,,2022-01-29
2022,6,0,,2022-02-05
2022,7,0,,2022-02-12
2022,8,0,,2022-02-19
2022,9,0,,2022-02-26
2022,10,0,,2022-03-05
2022,11,0,,2022-03-12
2022,12,0,,2022-03-19
2022,13,0,,2022-03-26
2022,14,0,,2022-04-02
2022,15,0,,2022-04-09
2022,16,0,,2022-04-16
2022,17,0,,2022-04-23
2022,18,0,,2022-04-30
2022,19,0,,2022-05-07
2022,20,0,,2022-05-14
2022,21,0,,2022-05-21
2022,22,0,,2022-05-28
2022,23,0,,2022-06-04
2022,24,0,,2022-06-11
2022,25,0,,2022-06-18
2022,26,0,,2022-06-25
2022,27,0,,2022-07-02
2022,28,0,,2022-07-09
2022,29,0,,2022-07-16
2022,30,0,,2022-07-23
2022,31,1,N,2022-07-30
2022,32,1,N,2022-08-06
2022,33,1,W,2022-08-13
2022,34,1,W,2022-08-20
2022,35,1,W,2022-08-27
2022,36,0,,2022-09-03
2022,37,0,,2022-09-10
2022,38,0,,2022-09-17
2022,39,0,,2022-09-24
2022,40,0,,2022-10-01
2022,41,0,,2022-10-08
2022,42,0,,2022-10-15
2022,43,0,,2022-10-22
2022,44,0,,2022-10-29
2022,45,0,,2022-11-05
2022,46,0,,2022-11-12
2022,47,0,,2022-11-19
2022,48,0,,2022-11-26
2022,49,0,,2022-12-03
2022,50,0,,2022-12-10
2022,51,0,,2022-12-17
2022,52,0,,2022-12-24
2023,1,0,,2023-01-01
2023,2,0,,2023-01-08
2023,3,0,,2023-01-15
2023,4,0,,2023-01-22
2023,5,0,,2023-01-29
2023,6,0,,2023-02-05
2023,7,0,,2023-02-12
2023,8,0,,2023-02-19
2023,9,0,,2023-02-26
2023,10,0,,2023-03-05
2023,11,0,,2023-03-12
2023,12,0,,2023-03-19
2023,13,0,,2023-03-26
2023,14,0,,2023-04-02
2023,15,0,,2023-04-09
2023,16,0,,2023-04-16
2023,17,0,,2023-04-23
2023,18,0,,2023-04-30
2023,19,0,,2023-05-07
2023,20,0,,2023-05-14
2023,21,0,,2023-05-21
2023,22,0,,2023-05-28
2023,23,0,,2023-06-04
2023,24,0,,2023-06-11
2023,25,0,,2023-06-18
2023,26,0,,2023-06-25
2023,27,0,,2023-07-02
2023,28,0,,2023-07-09
2023,29,0,,2023-07-16
2023,30,0,,2023-07-23
2023,31,0,,2023-07-30
2023,32,1,N,2023-08-06
2023,33,1,W,2023-08-13
2023,34,0,,2023-08-20
2023,35,1,E,2023-08-27
2023,36,1,N,2023-09-03
2023,37,1,N,2023-09-10
2023,38,1,W,2023-09-17
2023,39,1,W,2023-09-24
2023,40,0,,2023-10-01
2023,41,0,,2023-10-08
2023,42,0,,2023-10-15
2023,43,0,,2023-10-22
2023,44,0,,2023-10-29
2023,45,0,,2023-11-05
2023,46,0,,2023-11-12
2023,47,0,,2023-11-19
2023,48,0,,2023-11-26
2023,49,0,,2023-12-03
2023,50,0,,2023-12-10
2023,51,0,,2023-12-17
2023,52,0,,2023-12-24
2024,1,0,,2024-01-01
2024,2,0,,2024-01-08
2024,3,0,,2024-01-15
2024,4,0,,2024-01-22
2024,5,0,,2024-01-29
2024,6,0,,2024-02-05
2024,7,0,,2024-02-12
2024,8,0,,2024-02-19
2024,9,0,,2024-02-26
2024,10,0,,2024-03-04
2024,11,0,,2024-03-11
2024,12,0,,2024-03-18
2024,13,0,,2024-03-25
2024,14,0,,2024-04-01
2024,15,0,,2024-04-08
2024,16,0,,2024-04-15
2024,17,0,,2024-04-22
2024,18,0,,2024-04-29
2024,19,0,,2024-05-06
2024,20,0,,2024-05-13
2024,21,0,,2024-05-20
2024,22,0,,2024-05-27
2024,23,0,,2024-06-03
2024,24,0,,2024-06-10
2024,25,0,,2024-06-17
2024,26,0,,2024-06-24
2024,27,0,,2024-07-01
2024,28,0,,2024-07-08
2024,29,0,,2024-07-15
2024,30,0,,2024-07-22
2024,31,0,,2024-07-29
2024,32,0,,2024-08-05
2024,33,0,,2024-08-12
2024,34,1,N,2024-08-19
2024,35,1,W,2024-08-26
2024,36,1,W,2024-09-02
2024,37,1,W,2024-09-09
2024,38,1,W,2024-09-16
2024,39,1,W,2024-09-23
2024,40,1,W,2024-09-30
2024,41,0,,2024-10-07
2024,42,1,N,2024-10-14
2024,43,1,N,2024-10-21
2024,44,1,E,2024-10-28
2024,45,0,,2024-11-04
2024,46,0,,2024-11-11
2024,47,0,,2024-11-18
2024,48,0,,2024-11-25
2024,49,0,,2024-12-02
2024,50,0,,2024-12-09
2024,51,0,,2024-12-16
2024,52,0,,2024-12-23
2025,1,0,,2025-01-01
2025,2,0,,2025-01-08
2025,3,0,,2025-01-15
2025,4,0,,2025-01-22
2025,5,0,,2025-01-29
2025,6,0,,2025-02-05
2025,7,0,,2025-02-12
2025,8,0,,2025-02-19
2025,9,0,,2025-02-26
2025,10,0,,2025-03-05
2025,11,0,,2025-03-12
2025,12,0,,2025-03-19
2025,13,0,,2025-03-26
2025,14,0,,2025-04-02
2025,15,0,,2025-04-09
2025,16,0,,2025-04-16
2025,17,0,,2025-04-23
2025,18,0,,2025-04-30
2025,19,0,,2025-05-07
2025,20,0,,2025-05-14
2025,21,0,,2025-05-21
2025,22,0,,2025-05-28
2025,23,0,,2025-06-04
2025,24,0,,2025-06-11
2025,25,0,,2025-06-18
2025,26,0,,2025-06-25
2025,27,0,,2025-07-02
2025,28,0,,2025-07-09
2025,29,0,,2025-07-16
2025,30,0,,2025-07-23
2025,31,0,,2025-07-30
2025,32,0,,2025-08-06
2025,33,1,N,2025-08-13
2025,34,1,N,2025-08-20
2025,35,0,,2025-08-27
2025,36,0,,2025-09-03
2025,37,0,,2025-09-10
2025,38,0,,2025-09-17
2025,39,1,E,2025-09-24
2025,40,0,,2025-10-01
2025,41,1,E,2025-10-08
2025,42,1,E,2025-10-15
2025,43,0,,2025-10-22
2025,44,0,,2025-10-29
2025,45,0,,2025-11-05
2025,46,0,,2025-11-12
2025,47,0,,2025-11-19
2025,48,0,,2025-11-26
2025,49,0,,2025-12-03
2025,50,0,,2025-12-10
2025,51,0,,2025-12-17
2025,52,0,,2025-12-24
